ChEMBL ID,Smiles,IC50 (nM),pIC50
CHEMBL5426192,CCOC(=O)c1sc(-c2cc(I)c3c(c2)CCC(C)(C)O3)nc1C,1.3,8.886056648
CHEMBL5408075,Cc1nc(-c2ccc(SC(C)C)c(C#N)c2)[se]c1C(=O)O,1.32,8.879426069
CHEMBL5395447,CCC1(C)Cc2cc(-c3nc(C)c(C(=O)O)s3)cc(C#N)c2O1,1.35,8.869666232
CHEMBL5405574,Cc1nc(-c2cc(C#N)c3c(c2)CC2(CCCCC2)O3)sc1C(=O)O,1.4,8.853871964
CHEMBL5408526,Cc1nc(-c2cc(C#N)c3c(c2)CC2(CCCC2)O3)[se]c1C(=O)O,1.58,8.801342913
CHEMBL5436044,COc1ccccc1-c1ccc(-c2nc(C)c(C(=O)O)[se]2)cc1C#N,1.67,8.777283529
CHEMBL5397261,Cc1nc(-c2ccc(-c3ccccc3)c(C#N)c2)[se]c1C(=O)O,1.7,8.769551079
CHEMBL5433943,Cc1nc(-c2cc(C#N)c3c(c2)CC(C)O3)sc1C(=O)O,1.84,8.735182177
CHEMBL5395248,Cc1nc(-c2cc(I)c3c(c2)CCC(C)(C)O3)sc1C(=O)O,1.87,8.728158393
CHEMBL5405473,Cc1nc(-c2cc(C#N)c3c(c2)CCC(C)(C)O3)[se]c1C(=O)O,2.36,8.627087997
CHEMBL5406768,Cc1nc(-c2cc(C#N)c3c(c2)CCC(C)(C)O3)sc1C(=O)O,2.65,8.576754126
CHEMBL3652781,N#Cc1cn(CC2CC2)c2ccc(-n3cc(C(=O)O)cn3)cc12,2.8,8.552841969
CHEMBL5397172,Cc1ccc2c(-c3ccc(C(=O)O)c(O)c3)cc(C#N)n2n1,3,8.522878745
CHEMBL3628191,CCC(C)Oc1ccc(-c2nc(C)c(C(=O)O)n2O)cc1C#N,3,8.522878745
CHEMBL3628190,CCCCOc1ccc(-c2nc(C)c(C(=O)O)n2O)cc1C#N,3,8.522878745
CHEMBL1079332,COc1ccc(-c2n[nH]c(-c3ccncc3)n2)cc1[N+](=O)[O-],3.3,8.48148606
CHEMBL3652780,CC(C)n1cc(C#N)c2cc(-n3cc(C(=O)O)cn3)ccc21,3.4,8.468521083
CHEMBL169526,CC(C)(C)COc1ccc(-n2cc(C(=O)O)cn2)cc1C#N,3.5,8.455931956
CHEMBL2322167,CC(C)(C)COc1ccc(-c2cc(O)nc(N)n2)cc1C#N,4,8.397940009
CHEMBL165064,COc1c(-c2ccc(O)cc2)oc2cc(O)cc(O)c2c1=O,4,8.397940009
CHEMBL4203776,N#Cc1cc(-n2cc(C(=O)O)cn2)ccc1N1CCCCC1,4.2,8.37675071
CHEMBL1079334,O=[N+]([O-])c1cc(-c2n[nH]c(-c3ccncc3)n2)ccc1Cl,4.7,8.327902142
CHEMBL1078685,N#Cc1cc(-c2n[nH]c(-c3ccncc3)n2)ccn1,4.8,8.318758763
CHEMBL1077405,CC(C)COc1ccc(-c2n[nH]c(-c3ccncc3)n2)cc1C#N,4.9,8.30980392
CHEMBL2322147,CC(C)(COc1ccc(-c2cc(O)nc(N)n2)cc1C#N)C(=O)O,5,8.301029996
CHEMBL2322149,N#Cc1cc(-c2cc(O)nc(N)n2)ccc1OCc1ccc(C(=O)O)cc1,5,8.301029996
CHEMBL5424998,O=[N+]([O-])c1cc(C2=NC3=CN=CN(O)C3S2)ccc1Oc1ccccc1F,5.4,8.26760624
CHEMBL3331617,C=CCOc1ccc(-c2nc(C)c(C(=O)O)[se]2)cc1C#N,5.5,8.259637311
CHEMBL4217468,CC(C)CN(C)c1ccc(-n2cc(C(=O)O)cn2)cc1C#N,5.7,8.244125144
CHEMBL4208142,N#Cc1cc(-n2cc(C(=O)O)cn2)ccc1N1CCCC1,5.7,8.244125144
CHEMBL3628192,Cc1nc(-c2ccc(OCC(C)C)c(C#N)c2)n(O)c1C(=O)O,6,8.22184875
CHEMBL4213055,CC1CCCN1c1ccc(-n2cc(C(=O)O)cn2)cc1C#N,6.7,8.173925197
CHEMBL1078763,c1ccc(-c2cc(-c3n[nH]c(-c4ccncc4)n3)ccn2)cc1,6.8,8.167491087
CHEMBL1164729,Cc1nc(-c2ccc(OCC(C)C)c(C#N)c2)sc1C(=O)O,7,8.15490196
CHEMBL2322169,N#Cc1cc(-c2cc(O)nc(N)n2)ccc1OCc1ccc(F)cc1,7,8.15490196
CHEMBL170303,CC(C)COc1ccc(-n2cc(C(=O)O)cn2)cc1C#N,7.1,8.148741651
CHEMBL4760152,CC(C)(C)c1ccc(-c2ccc(-n3cnc(C(=O)O)c3)cc2C#N)cc1,7.2,8.142667504
CHEMBL4212512,CC(C)CNc1ccc(-n2cc(C(=O)O)cn2)cc1C#N,7.7,8.113509275
CHEMBL1077446,Clc1cc(-c2n[nH]c(-c3ccncc3)n2)ccn1,7.9,8.102372909
CHEMBL4754914,N#Cc1cc(-n2cnc(C(=O)O)c2)ccc1N1CCCCCCC1,8,8.096910013
CHEMBL2322170,N#Cc1cc(-c2cc(O)nc(N)n2)ccc1OCc1ccccc1C(F)(F)F,9,8.045757491
CHEMBL3331615,Cc1nc(-c2ccc(OCC(C)C)c(C#N)c2)[se]c1C(=O)O,9.1,8.040958608
CHEMBL1078761,Brc1cc(-c2n[nH]c(-c3ccncc3)n2)ccn1,9.9,8.004364805
CHEMBL2322165,CCC(CC)COc1ccc(-c2cc(O)nc(N)n2)cc1C#N,10,8
CHEMBL2322162,COC(=O)C1CCC(COc2ccc(-c3ccnc(N)n3)cc2C#N)CC1,10,8
CHEMBL2322146,N#Cc1cc(-c2cc(O)nc(N)n2)ccc1OCC1CCCCC1,10,8
CHEMBL2322163,N#Cc1cc(-c2ccnc(N)n2)ccc1OCC1CCC(C(=O)O)CC1,10,8
CHEMBL3331623,CCC(C)Oc1ccc(-c2nc(C)c(C(=O)O)[se]2)cc1C#N,10.4,7.982966661
CHEMBL4205230,CN(C)c1ccc(-n2cc(C(=O)O)cn2)cc1C#N,10.8,7.966576245
CHEMBL2322171,N#Cc1cc(-c2cc(O)nc(N)n2)ccc1OCc1ccc(F)cc1C(F)(F)F,11,7.958607315
CHEMBL2322166,CC(C)C(C)Oc1ccc(-c2cc(O)nc(N)n2)cc1C#N,13,7.886056648
CHEMBL3331614,CCCCOc1ccc(-c2nc(C)c(C(=O)O)[se]2)cc1C#N,13.2,7.879426069
CHEMBL3331622,Cc1nc(-c2ccc(OCC3CC3)c(C#N)c2)[se]c1C(=O)O,13.3,7.876148359
CHEMBL4208654,Cc1nn(-c2ccc(N3CCCCC3)c(C#N)c2)cc1C(=O)O,13.3,7.876148359
CHEMBL440197,CCCCOc1ccc(-n2cc(C(=O)O)cn2)cc1C#N,15,7.823908741
CHEMBL2322148,COC(=O)C(C)(C)COc1ccc(-c2cc(O)nc(N)n2)cc1C#N,15,7.823908741
CHEMBL3331621,Cc1nc(-c2ccc(OC(C)C)c(C#N)c2)[se]c1C(=O)O,15.7,7.804100348
CHEMBL3331611,C=CCOc1ccc(-c2nc(C)c(C(=O)O)[se]2)cc1[N+](=O)[O-],16.1,7.793174124
CHEMBL3331620,CCCOc1ccc(-c2nc(C)c(C(=O)O)[se]2)cc1C#N,16.2,7.790484985
CHEMBL1082212,COc1ccc(-c2n[nH]c(-c3ccnc(C)c3)n2)cc1[N+](=O)[O-],17,7.769551079
CHEMBL2322145,N#Cc1cc(-c2cc(O)nc(N)n2)ccc1OCC1CCC1,18,7.744727495
CHEMBL1078560,N#Cc1cc(-c2n[nH]c(-c3ccnc(C#N)c3)n2)ccn1,18,7.744727495
CHEMBL4469027,C=C(C)COc1ccc(-c2ncc(C(=O)O)c(=N)[nH]2)cc1C#N,18.1,7.742321425
CHEMBL2322144,CC(C)(C)c1ccc(COc2ccc(-c3cc(O)nc(N)n3)cc2C#N)cc1,19,7.721246399
CHEMBL2322152,COC(=O)C1CCC(COc2ccc(-c3cc(O)nc(N)n3)cc2C#N)CC1,19,7.721246399
CHEMBL3274325,N#Cc1nc(-c2ccncc2)[nH]c1C#N,20,7.698970004
CHEMBL171584,CCCCCCCCOc1ccc(-n2cc(C(=O)O)cn2)cc1C#N,21,7.677780705
CHEMBL4212094,Cc1nn(-c2ccc(OCC(C)(C)C)c(C#N)c2)cc1C(=O)O,23,7.638272164
CHEMBL4445985,CC(C)CCOc1ccc(-c2ncc(C(=O)O)c(=N)[nH]2)cc1C#N,24,7.619788758
CHEMBL1077386,CC(C)COc1ccc(-c2n[nH]c(-c3ccncc3)n2)cn1,24,7.619788758
CHEMBL3331613,CCOc1ccc(-c2nc(C)c(C(=O)O)[se]2)cc1C#N,24.8,7.605548319
CHEMBL4449922,CC(C)CCOc1ccc(-c2ncc(C(=O)O)c(=O)[nH]2)cc1C#N,25,7.602059991
CHEMBL3276845,Cc1cccc(-c2cnn3c(O)cc(O)nc23)c1,25,7.602059991
CHEMBL3277223,Oc1cc(O)n2ncc(-c3cccc4ccccc34)c2n1,25,7.602059991
CHEMBL4783962,CC(C)CN(C)c1ccc(-n2cnc(C(=O)O)c2)cc1C#N,27.1,7.567030709
CHEMBL4552356,N#Cc1cc(-c2ncc(C(=O)O)c(=N)[nH]2)ccc1OCc1ccc(Br)cc1,27.1,7.567030709
CHEMBL1078980,Cc1cc(-c2nc(-c3ccncc3)n[nH]2)ccn1,28,7.552841969
CHEMBL4451477,O=C(O)c1cnc(-c2ccc(OCc3cccc(Cl)c3)c(-n3ccnn3)c2)[nH]c1=O,28.8,7.540607512
CHEMBL3276846,Oc1cc(O)n2ncc(-c3ccc4c(c3)OCO4)c2n1,29,7.537602002
CHEMBL3331616,Cc1nc(-c2ccc(OCCC(C)C)c(C#N)c2)[se]c1C(=O)O,29.2,7.534617149
CHEMBL4748434,CCC(CC)COc1ccc(-n2cnc(C(=O)O)c2)cc1C#N,29.8,7.525783736
CHEMBL4580079,N#Cc1cc(-c2ncc(C(=O)O)c(=O)[nH]2)ccc1OCc1ccc(Br)cc1,29.8,7.525783736
CHEMBL1079331,Cc1cc(-c2nc(-c3ccc(Cl)c([N+](=O)[O-])c3)n[nH]2)ccn1,30,7.522878745
CHEMBL4757509,CC1CCN(c2ccc(-n3cnc(C(=O)O)c3)cc2C#N)CC1,30.5,7.515700161
CHEMBL3331619,COc1ccc(-c2nc(C)c(C(=O)O)[se]2)cc1C#N,30.6,7.514278574
CHEMBL4453043,N#Cc1cccc(COc2ccc(NC(=O)c3ccncc3)cc2-n2cnnn2)c1,31,7.508638306
CHEMBL3628193,Cc1nc(-c2ccc(OCCC(C)C)c(C#N)c2)n(O)c1C(=O)O,31.62,7.500038134
CHEMBL3628194,CCCCCCOc1ccc(-c2nc(C)c(C(=O)O)n2O)cc1C#N,31.62,7.500038134
CHEMBL171819,CC(C)COc1ccc(-n2cc(C(=O)O)cn2)cc1[N+](=O)[O-],33,7.48148606
CHEMBL3276841,Oc1cc(O)n2ncc(-c3ccc(Br)cc3)c2n1,33,7.48148606
CHEMBL4455012,Cc1nc(-c2ccc(OCC(C)C)c([N+](=O)[O-])c2)sc1C(=O)O,33.4,7.476253533
CHEMBL4557837,C=C(C)COc1ccc(-c2ncc(C(=O)O)c(=O)[nH]2)cc1C#N,33.6,7.473660723
CHEMBL3331610,Cc1nc(-c2ccc(OCC(C)C)c([N+](=O)[O-])c2)[se]c1C(=O)O,33.7,7.472370099
CHEMBL4459977,Cc1ccc(COc2ccc(-c3ncc(C(=O)O)c(=N)[nH]3)cc2C#N)cc1,33.9,7.469800302
CHEMBL4746577,N#Cc1cc(-n2cnc(C(=O)O)c2)ccc1N1CCCC1,34.1,7.467245621
CHEMBL4753577,COc1ccc(-c2ccc(-n3cnc(C(=O)O)c3)cc2C#N)cc1,34.5,7.462180905
CHEMBL4568441,Cc1ccc(COc2ccc(-c3ncc(C(=O)O)c(=O)[nH]3)cc2C#N)cc1,35.4,7.450996738
CHEMBL3331618,Cc1nc(-c2ccc(OCc3ccccc3)c(C#N)c2)[se]c1C(=O)O,35.4,7.450996738
CHEMBL1079084,N#Cc1ccc(-c2n[nH]c(-c3ccncc3)n2)cn1,38,7.420216403
CHEMBL3276839,Oc1cc(O)n2ncc(-c3ccccc3)c2n1,38,7.420216403
CHEMBL4580263,N#Cc1cc(-c2ncc(C(=O)O)c(=O)[nH]2)ccc1OCc1ccc(F)cc1,38.2,7.417936637
CHEMBL4462774,N#Cc1cc(-c2ncc(C(=O)O)c(=O)[nH]2)ccc1OCc1ccccc1,38.7,7.412289035
CHEMBL4466452,CC(C)=CCOc1ccc(-c2ncc(C(=O)O)c(=O)[nH]2)cc1C#N,38.8,7.411168274
CHEMBL1078559,N#Cc1cc(-c2n[nH]c(-c3ccnc(Cl)c3)n2)ccn1,39,7.408935393
CHEMBL3331612,Cc1nc(-c2ccc(OCc3ccccc3)c([N+](=O)[O-])c2)[se]c1C(=O)O,40.3,7.394694954
CHEMBL4799845,CCC(CC)Oc1ccc(-n2cnc(C(=O)O)c2)cc1C#N,40.6,7.391473966
CHEMBL354749,CC(C)COc1ccc(-n2cc(C(=O)O)cn2)cc1Br,43,7.366531544
CHEMBL3276842,Oc1cc(O)n2ncc(-c3ccc(Cl)cc3)c2n1,43,7.366531544
CHEMBL3276840,Oc1cc(O)n2ncc(-c3cccnc3)c2n1,43,7.366531544
CHEMBL4530098,C=CCOc1ccc(-c2ncc(C(=O)O)c(=O)[nH]2)cc1-n1ccnn1,43.7,7.359518563
CHEMBL4455392,Cc1cccc(COc2ccc(NC(=O)c3ccncc3)cc2-n2cnnn2)c1,44,7.356547324
CHEMBL4217071,Cc1nn(-c2ccc(OC(C)C)c(C#N)c2)cc1C(=O)O,45,7.346787486
CHEMBL4450434,O=C(O)c1cnc(-c2ccc(OCc3cccc(Br)c3)c(-n3ccnn3)c2)[nH]c1=O,45,7.346787486
CHEMBL3331624,CCCCCOc1ccc(-c2nc(C)c(C(=O)O)[se]2)cc1C#N,45.6,7.341035157
CHEMBL4078467,C=C(C)COc1ccc2c(c1)O/C(=C\c1ccc(C(=O)O)cc1)C2=O,46,7.337242168
CHEMBL4869246,CC(C)CCOc1ccc(-c2nccc(O)n2)cc1C#N,46,7.337242168
CHEMBL1080059,Cc1cc(-c2n[nH]c(-c3ccnc(SCC(C)C)c3)n2)ccn1,46,7.337242168
CHEMBL4435195,O=C(O)c1cnc(-c2ccc(OCC3CC3)c(-n3ccnn3)c2)[nH]c1=O,46.1,7.336299075
CHEMBL4758534,N#Cc1cc(-n2cnc(C(=O)O)c2)ccc1OC1CCCCC1,47.4,7.324221658
CHEMBL4560761,O=C(O)c1cnc(-c2ccc(OCc3cccc(F)c3)c(-n3ccnn3)c2)[nH]c1=O,47.7,7.321481621
CHEMBL1078762,Fc1cc(-c2n[nH]c(-c3ccncc3)n2)ccn1,48,7.318758763
CHEMBL4533058,CC(C)COc1ccc(-c2nc(C(=O)O)cs2)cc1[N+](=O)[O-],48.6,7.313363731
CHEMBL3331609,CCCCOc1ccc(-c2nc(C)c(C(=O)O)[se]2)cc1[N+](=O)[O-],49.2,7.308034897
CHEMBL4547403,N#Cc1cc(-c2ncc(C(=O)O)c(=O)[nH]2)ccc1OCc1ccc(Cl)cc1,49.9,7.301899454
CHEMBL4589904,C#CCOc1ccc(-c2ncc(C(=O)O)c(=O)[nH]2)cc1-n1ccnn1,50,7.301029996
CHEMBL4540231,COc1cccc(COc2ccc(NC(=O)c3ccncc3)cc2-n2cnnn2)c1,50,7.301029996
CHEMBL2322161,N#Cc1cc(-c2ccnc(N)n2)ccc1OCC1CCCCC1,50,7.301029996
CHEMBL4556178,COc1ccc(COc2ccc(-c3ncc(C(=O)O)c(=O)[nH]3)cc2-n2ccnn2)cc1,50.7,7.294992041
CHEMBL4452268,COc1cccc(COc2ccc(-c3ncc(C(=O)O)c(=O)[nH]3)cc2-n2ccnn2)c1,51.6,7.287350298
CHEMBL4444577,Cc1ccccc1COc1ccc(NC(=O)c2ccncc2)cc1-n1cnnn1,53,7.27572413
CHEMBL4471741,O=C(O)c1cnc(-c2ccc(OCc3ccc(F)cc3)c(-n3ccnn3)c2)[nH]c1=O,53.1,7.274905479
CHEMBL3331625,C#CCOc1ccc(-c2nc(C)c(C(=O)O)[se]2)cc1C#N,53.8,7.269217724
CHEMBL4554264,CC(C)CCOc1ccc(-c2ncc(C(=O)O)c(=O)[nH]2)cc1-n1ccnn1,54.1,7.266802735
CHEMBL4852807,CC(C)=COc1ccc(-c2nccc(O)n2)cc1C#N,55,7.259637311
CHEMBL4450355,O=C(O)c1cnc(-c2ccc(OCc3ccc(Br)cc3)c(-n3ccnn3)c2)[nH]c1=O,55.2,7.258060922
CHEMBL4782439,N#Cc1cc(-n2cnc(C(=O)O)c2)ccc1N1CCCCC1,55.6,7.254925208
CHEMBL4464985,C=C(C)COc1ccc(-c2ncc(C(=O)O)c(=O)[nH]2)cc1-n1ccnn1,56.9,7.244887734
CHEMBL4569775,O=C(O)c1cnc(-c2ccc(OC3CCCC3)c(-n3ccnn3)c2)[nH]c1=O,58.5,7.232844134
CHEMBL1080767,Cc1cc(-c2n[nH]c(-c3ccnc(C#N)c3)n2)ccn1,59,7.229147988
CHEMBL1080057,Cc1cc(-c2n[nH]c(-c3ccnc(-c4ccccc4)c3)n2)ccn1,59,7.229147988
CHEMBL4204327,Cc1nn(-c2ccc(N3CCCCC3)c([N+](=O)[O-])c2)cc1C(=O)O,59.6,7.22475374
CHEMBL2321880,CC(C)COc1ccc(-c2cc(O)ncn2)cc1C#N,60,7.22184875
CHEMBL2322158,N#Cc1cc(-c2ccnc(N)n2)ccc1OCc1ccccc1C(F)(F)F,60,7.22184875
CHEMBL4864318,N#Cc1cc(-c2nccc(O)n2)ccc1OCc1ccccc1F,60,7.22184875
CHEMBL4441743,CC(C)COc1ccc(-c2ncc(C(=O)O)c(=O)[nH]2)cc1C#N,60.9,7.215382707
CHEMBL4102721,O=C(O)c1ccc(/C=C2\Oc3cc(OCc4ccccc4)ccc3C2=O)cc1,61,7.214670165
CHEMBL4086326,Cc1ccc(C)c(COc2ccc3c(c2)O/C(=C\c2ccc(C(=O)O)cc2)C3=O)c1,62,7.207608311
CHEMBL1080058,Cc1cc(-c2n[nH]c(-c3ccnc(OCC(C)C)c3)n2)ccn1,63,7.200659451
CHEMBL4777821,N#Cc1cc(-n2cnc(C(=O)O)c2)ccc1OC1CCCC1,63,7.200659451
CHEMBL4568881,O=C(O)c1cnc(-c2ccc(OCc3c(Cl)cccc3Cl)c(-n3ccnn3)c2)[nH]c1=O,63.9,7.194499142
CHEMBL4468629,CC(C)COc1ccc(-c2ncc(C(=O)O)c(=O)[nH]2)cc1-n1ccnn1,64.4,7.191114133
CHEMBL3331607,Cc1nc(-c2ccc(OCCC(C)C)c([N+](=O)[O-])c2)[se]c1C(=O)O,65.6,7.183096161
CHEMBL4878323,N#Cc1cc(-c2nccc(O)n2)ccc1OCc1ccccc1,66,7.180456064
CHEMBL4435696,COc1ccc(COc2ccc(NC(=O)c3ccncc3)cc2-n2cnnn2)cc1,67,7.173925197
CHEMBL4751134,CC(C)(C)COc1ccc(-n2cnc(C(=O)O)c2)cc1C#N,67.9,7.168130226
CHEMBL4066914,O=C(O)c1ccc(/C=C2\Oc3cc(O)ccc3C2=O)cc1,68,7.167491087
CHEMBL4468571,O=C(O)c1cnc(-c2ccc(OCC3CCCCC3)c(-n3ccnn3)c2)[nH]c1=O,68.3,7.165579296
CHEMBL4876692,CC(C)COc1ccc(-c2nccc(O)n2)cc1C#N,69,7.161150909
CHEMBL4064851,O=C(O)c1ccc(/C=C2\Oc3cc(OCc4cccc5ccccc45)ccc3C2=O)cc1,69,7.161150909
CHEMBL4473716,O=C(O)c1cnc(-c2ccc(OCc3ccc(Cl)cc3)c(-n3ccnn3)c2)[nH]c1=O,69.1,7.160521953
CHEMBL4555756,CC(C)=CCOc1ccc(-c2ncc(C(=O)O)c(=O)[nH]2)cc1-n1ccnn1,69.2,7.159893906
CHEMBL4871609,N#Cc1cc(-c2nccc(O)n2)ccc1OCC1CCCCC1,73,7.13667714
CHEMBL4589345,CC(C)Oc1ccc(-c2ncc(C(=O)O)c(=O)[nH]2)cc1-n1ccnn1,73.7,7.132532512
CHEMBL4747820,CCC(C)Oc1ccc(-n2cnc(C(=O)O)c2)cc1C#N,73.9,7.131355562
CHEMBL4876318,CC(C)Oc1ccc(-c2nccc(O)n2)cc1C#N,74,7.13076828
CHEMBL4746211,COc1cccc(-c2ccc(-n3cnc(C(=O)O)c3)cc2C#N)c1,74.4,7.128427064
CHEMBL4860216,N#Cc1cc(-c2nccc(O)n2)ccc1OCc1ccc(F)cc1,75,7.124938737
CHEMBL4867256,N#Cc1cc(-c2nccc(O)n2)ccc1OCc1cccc(F)c1,77,7.113509275
CHEMBL4878223,Cc1ccc(COc2ccc(-c3nccc(O)n3)cc2C#N)cc1,79,7.102372909
CHEMBL3127139,c1ccc(-c2nn3c(-c4cnccn4)nnc3s2)cc1,79.43,7.100015437
CHEMBL2322156,CC(C)COc1ccc(-c2ccnc(N)n2)cc1C#N,80,7.096910013
CHEMBL4094987,COc1ccc2c(c1)O/C(=C\c1ccc(C(=O)O)cc1)C2=O,80,7.096910013
CHEMBL2322159,N#Cc1cc(-c2ccnc(N)n2)ccc1OCc1ccc(F)cc1C(F)(F)F,80,7.096910013
CHEMBL4583966,C=CCOc1ccc(-c2ncc(C(=O)O)c(=O)[nH]2)cc1C#N,81.1,7.090979146
CHEMBL3331608,CCOc1ccc(-c2nc(C)c(C(=O)O)[se]2)cc1[N+](=O)[O-],82.5,7.083546051
CHEMBL4532187,O=C(O)c1cnc(-c2ccc(OCc3ccc(Cl)cc3Cl)c(-n3ccnn3)c2)[nH]c1=O,83.8,7.076755981
CHEMBL5424661,Cc1nn(-c2ccc(OCCC(C)C)c(C#N)c2)nc1C(=O)O,84,7.075720714
CHEMBL3276843,CC(=O)Nc1ccc(-c2cnn3c(O)cc(O)nc23)cc1,89,7.050609993
CHEMBL1081134,Cc1cc(-c2n[nH]c(-c3ccnc(Cl)c3)n2)ccn1,89,7.050609993
CHEMBL4561588,Cc1ccc(COc2ccc(-c3ncc(C(=O)O)c(=O)[nH]3)cc2-n2ccnn2)cc1,89.4,7.048662481
CHEMBL1689269,COc1cc(-c2oc3cc(O)cc(O)c3c(=O)c2OC)cc(O)c1OC,90,7.045757491
CHEMBL4473001,CC(C)Oc1ccc(-c2ncc(C(=O)O)c(=O)[nH]2)cc1C#N,91.6,7.038104526
CHEMBL4539857,O=C(O)c1cnc(-c2ccc(OCc3ccccc3Cl)c(-n3ccnn3)c2)[nH]c1=O,91.7,7.037630664
CHEMBL4438449,CCCCCCCCOc1ccc(NC(=O)c2ccncc2)cc1-n1cnnn1,92,7.036212173
CHEMBL4453602,COc1ccc(-c2ncc(C(=O)O)c(=O)[nH]2)cc1-n1ccnn1,92,7.036212173
CHEMBL4876882,N#Cc1cc(-c2nccc(O)n2)ccc1OCC1CC1,93,7.031517051
CHEMBL4472263,O=C(Nc1ccc(OCc2ccccc2)c(-n2cnnn2)c1)c1ccncc1,94,7.026872146
CHEMBL4792314,CC(C)COc1ccc(-n2cnc(C(=O)O)c2)cc1C#N,94.5,7.024568191
CHEMBL4451046,O=C(O)c1cnc(-c2ccc(OCc3ccccc3)c(-n3ccnn3)c2)[nH]c1=O,94.5,7.024568191
CHEMBL4863740,N#Cc1cc(-c2nccc(O)n2)ccc1OCc1ccc(Br)cc1,95,7.022276395
CHEMBL3276844,Cc1ccc(-c2cnn3c(O)cc(O)nc23)cc1,96,7.017728767
CHEMBL3628197,Cc1ccc(Cc2ccc(-c3nc(C)c(C(=O)O)n3O)cc2C#N)cc1,100,7
CHEMBL3628195,CCCCCCCOc1ccc(-c2nc(C)c(C(=O)O)n2O)cc1C#N,100,7
CHEMBL4444217,N#Cc1ccc(COc2ccc(NC(=O)c3ccncc3)cc2-n2cnnn2)cc1,100,7
CHEMBL4457729,N#Cc1ccccc1COc1ccc(NC(=O)c2ccncc2)cc1-n1cnnn1,110,6.958607315
CHEMBL4530455,COc1ccccc1COc1ccc(NC(=O)c2ccncc2)cc1-n1cnnn1,117,6.931814138
CHEMBL5438064,O=c1[nH]c(-c2ccc(OCC3CCCCC3)c(-n3cnnn3)c2)no1,121,6.91721463
CHEMBL4483545,O=C(Nc1ccc(OC2CCCC2)c(-n2cnnn2)c1)c1ccncc1,128,6.89279003
CHEMBL1077387,c1cncc(-c2n[nH]c(-c3ccncc3)n2)c1,130,6.886056648
CHEMBL4871993,CC(C)COc1ccc(-c2nc(N)cc(O)n2)cc1C#N,130,6.886056648
CHEMBL5523385,CC(C)n1cc(C#N)c2cc(-c3cc(C(=O)O)no3)ccc21,130,6.886056648
CHEMBL3628188,CCCOc1ccc(-c2nc(C)c(C(=O)O)n2O)cc1C#N,130,6.886056648
CHEMBL4522159,Cc1ccc(COc2ccc(NC(=O)c3ccncc3)cc2-n2cnnn2)cc1,132,6.879426069
CHEMBL5559061,N#Cc1cn(C2CCCC2)c2ccc(-c3cc(C(=O)O)no3)cc12,140,6.853871964
CHEMBL4568537,CCC(C)COc1ccc(NC(=O)c2ccncc2)cc1-n1cnnn1,141,6.850780887
CHEMBL4583393,CC(C)CCOc1ccc(NC(=O)c2ccncc2)cc1-n1cnnn1,145,6.838631998
CHEMBL4866811,N#Cc1cc(-c2nccc(O)n2)ccc1OCc1ccc(Cl)cc1,148,6.829738285
CHEMBL4468722,CC(C)(C)c1ccc(COc2ccc(-c3ncc(C(=O)O)c(=O)[nH]3)cc2-n2ccnn2)cc1,149,6.826813732
CHEMBL2322157,N#Cc1cc(-c2ccnc(N)n2)ccc1OCc1ccc(F)cc1,150,6.823908741
CHEMBL4097460,O=C(O)COc1ccc2c(c1)O/C(=C\c1ccc(C(=O)O)cc1)C2=O,150,6.823908741
CHEMBL4584553,CCCCCCOc1ccc(NC(=O)c2ccncc2)cc1-n1cnnn1,153,6.815308569
CHEMBL4536160,Cc1ccc(COc2ccc(-c3nc(C)c(C(=O)O)c(=O)[nH]3)cc2C#N)cc1,159,6.798602876
CHEMBL2322164,COc1ccc(-c2cc(O)nc(N)n2)cc1C#N,160,6.795880017
CHEMBL4548828,CC(C)COc1ccc(NC(=O)c2ccncc2)cc1-n1cnnn1,165,6.782516056
CHEMBL1078978,c1cc(-c2n[nH]c(-c3ccncc3)n2)ccn1,170,6.769551079
CHEMBL1079103,Cc1cc(-c2nc(-c3ccc(OCC(C)C)nc3)n[nH]2)ccn1,170,6.769551079
CHEMBL3628189,Cc1nc(-c2ccc(OC(C)C)c(C#N)c2)n(O)c1C(=O)O,170,6.769551079
CHEMBL1080056,CSc1cc(-c2nc(-c3ccnc(C)c3)n[nH]2)ccn1,170,6.769551079
CHEMBL4448296,CCC(C)Oc1ccc(NC(=O)c2ccncc2)cc1-n1cnnn1,171,6.76700389
CHEMBL4483371,CC(=O)Oc1ccc(NC(=O)c2ccncc2)cc1-n1cnnn1,173,6.761953897
CHEMBL4466230,CCCCCOc1ccc(NC(=O)c2ccncc2)cc1-n1cnnn1,174,6.759450752
CHEMBL4857520,COc1ccc(-c2nccc(O)n2)cc1C#N,179,6.747146969
CHEMBL4452160,Cc1nc(-c2ccc(OCc3ccc(Br)cc3)c(C#N)c2)[nH]c(=O)c1C(=O)O,185.4,6.73189027
CHEMBL5505769,CC(C)=Cn1cc(C#N)c2cc(-c3cc(C(=O)O)no3)ccc21,190,6.721246399
CHEMBL4853506,COc1ccc(COc2ccc(-c3nccc(O)n3)cc2C#N)cc1,193,6.714442691
CHEMBL4442230,CC(C)(C)c1ccc(COc2ccc(-c3ncc(C(=O)O)c(=O)[nH]3)cc2C#N)cc1,197,6.705533774
CHEMBL4790927,CC(C)Oc1ccc(-n2cnc(C(=O)O)c2)cc1C#N,197.9,6.703554206
CHEMBL4299614,C[C@H]1O[C@@H](O[C@H]2[C@H](OC[C@]3(C)[C@@H]4CC[C@]5(C)[C@H](CC=C6[C@@H]7C[C@](C)(O)[C@@H](O)C[C@]7(C(=O)O)CC[C@]65C)[C@@]4(C)CC[C@@H]3O)O[C@H](CO)[C@@H](O)[C@@H]2O)[C@H](O)[C@@H](O)[C@@H]1O,200,6.698970004
CHEMBL5505860,N#Cc1cn(Cc2ccccc2Cl)c2ccc(-c3cc(C(=O)O)no3)cc12,200,6.698970004
CHEMBL4851351,N#Cc1cc(-c2nc(N)cc(O)n2)ccc1OCc1ccccc1,209,6.679853714
CHEMBL4088219,COc1cccc(COc2ccc(-n3cc(C(=O)O)nn3)cc2C#N)c1,210,6.677780705
CHEMBL161957,COc1ccc(-c2oc3cc(O)c(OC)c(O)c3c(=O)c2OC)cc1,220,6.657577319
CHEMBL4790343,CCOc1ccc(-n2cnc(C(=O)O)c2)cc1C#N,226.3,6.645315446
CHEMBL5523519,CC(C)Cn1cc(C#N)c2cc(-c3cc(C(=O)O)no3)ccc21,240,6.619788758
CHEMBL5558521,N#Cc1cn(C2CCC2)c2ccc(-c3cc(C(=O)O)no3)cc12,250,6.602059991
CHEMBL5517883,Cc1ccccc1Cn1cc(C#N)c2cc(-c3cc(C(=O)O)no3)ccc21,260,6.585026652
CHEMBL4858619,CC(C)COc1ccc(-c2nccc(N)n2)cc1C#N,262,6.581698709
CHEMBL4565144,CCCCOc1ccc(NC(=O)c2ccncc2)cc1-n1cnnn1,264,6.578396073
CHEMBL1644702,COc1ccc(OCc2nn3c(=O)cc(C)nc3s2)cc1,269,6.57024772
CHEMBL5555750,N#Cc1cn(CC2CCCC2)c2ccc(-c3cc(C(=O)O)no3)cc12,270,6.568636236
CHEMBL4873518,N#Cc1cc(-c2nc(N)cc(O)n2)ccc1OCC1CCCCC1,275,6.560667306
CHEMBL4857117,CC(C)(C)c1ccc(COc2ccc(-c3nccc(O)n3)cc2C#N)cc1,282,6.549750892
CHEMBL4160962,N#Cc1ccccc1COc1ccc(NC(=O)c2ccncc2)cc1C#N,300,6.522878745
CHEMBL1079001,Cc1cc(-c2n[nH]c(-c3ccnc(C)c3)n2)ccn1,310,6.508638306
CHEMBL5555698,N#Cc1cn(Cc2ccccc2F)c2ccc(-c3cc(C(=O)O)no3)cc12,310,6.508638306
CHEMBL5555351,CCCn1cc(C#N)c2cc(-c3cc(C(=O)O)no3)ccc21,320,6.494850022
CHEMBL1644704,Cc1cc(=O)n2nc(COc3ccccc3C)sc2n1,326,6.4867824
CHEMBL4873731,N#Cc1cc(-c2nccc(N)n2)ccc1OCc1ccccc1,347,6.459670525
CHEMBL3274312,O=[N+]([O-])c1cnc(-c2ccncc2)[nH]1,350,6.455931956
CHEMBL1165740,CC(C)COc1ccc(-c2cc(C(=O)O)no2)cc1C#N,360,6.443697499
CHEMBL4792232,N#Cc1cn(C2CCCC2)c2ccc(-c3noc(=O)[nH]3)cc12,360,6.443697499
CHEMBL5517708,CC(C)CCn1cc(C#N)c2cc(-c3cc(C(=O)O)no3)ccc21,380,6.420216403
CHEMBL4751189,N#Cc1cc(-c2c[nH]c(C(=O)O)n2)ccc1OCC1CCCC1,387,6.412289035
CHEMBL5532411,C=CCn1cc(C#N)c2cc(-c3cc(C(=O)O)no3)ccc21,390,6.408935393
CHEMBL3127140,O=c1[nH]ccc2nc(-c3cccc(C(F)(F)F)c3)cn12,398.11,6.399996913
CHEMBL2322153,CC(C)COc1ccc(-c2cc(C(=O)O)nc(N)n2)cc1C#N,400,6.397940009
CHEMBL2322160,N#Cc1cc(-c2ccnc(N)n2)ccc1OCC1CCC1,400,6.397940009
CHEMBL4776964,CC(C)n1cc(C#N)c2cc(-c3noc(=O)[nH]3)ccc21,410,6.387216143
CHEMBL435703,COc1ccc(-n2cc(C(=O)O)cn2)cc1C#N,460,6.337242168
CHEMBL4216423,O=c1cccc(/N=N/c2cccc([N+](=O)[O-])c2)cc1O,460,6.337242168
CHEMBL1641632,Cc1cc(=O)n2nc(COc3ccc(Cl)cc3)sc2n1,461,6.336299075
CHEMBL3274327,N#Cc1nc(-c2ccncc2)[nH]c1C(N)=O,500,6.301029996
CHEMBL3628187,COc1ccc(-c2nc(C)c(C(=O)O)n2O)cc1C#N,501.19,6.299997603
CHEMBL4751933,CC(C)COc1ccc(-c2c[nH]c(C(=O)O)n2)cc1C#N,510,6.292429824
CHEMBL4864825,N#Cc1cc(-c2nccc(N)n2)ccc1OCC1CCCCC1,539,6.268411235
CHEMBL4458786,Cc1nc(-c2ccc(OCCC(C)C)c(C#N)c2)[nH]c(=O)c1C(=O)O,540,6.26760624
CHEMBL5555569,CCCCn1cc(C#N)c2cc(-c3cc(C(=O)O)no3)ccc21,540,6.26760624
CHEMBL5517732,CCn1cc(C#N)c2cc(-c3cc(C(=O)O)no3)ccc21,560,6.251811973
CHEMBL4441574,C=C(C)COc1ccc(-c2nc(C)c(C(=O)O)c(=O)[nH]2)cc1C#N,567.7,6.245881106
CHEMBL5532111,CC#Cn1cc(C#N)c2cc(-c3cc(C(=O)O)no3)ccc21,570,6.244125144
CHEMBL1079104,CC(C)COc1ccc(-c2n[nH]c(-c3ccnc(C#N)c3)n2)cn1,590,6.229147988
CHEMBL1164192,N#Cc1cc(-c2cc(C(=O)O)no2)ccc1OCc1ccccc1,590,6.229147988
CHEMBL5542506,CCCCCn1cc(C#N)c2cc(-c3cc(C(=O)O)no3)ccc21,600,6.22184875
CHEMBL4171577,COc1ccc(COc2ccc(NC(=O)c3ccncc3)cc2C#N)cc1,600,6.22184875
CHEMBL5532428,N#Cc1cn(Cc2ccc(F)cc2)c2ccc(-c3cc(C(=O)O)no3)cc12,600,6.22184875
CHEMBL4069614,O=Cc1ccccc1OCc1cn(Cc2ccc3c(c2)C(=O)c2ccccc2C3=O)nn1,600,6.22184875
CHEMBL4456880,CC(C)Oc1ccc(NC(=O)c2ccncc2)cc1-n1cnnn1,603,6.219682688
CHEMBL1644703,Cc1cc(=O)n2nc(COc3ccccc3Br)sc2n1,603,6.219682688
CHEMBL5407581,N#Cc1cn(C2CCCC2)c2ccc(NC(=O)c3ccc4[nH]cnc4c3)cc12,620,6.207608311
CHEMBL359819,O=c1cc(-c2ccc(F)cc2)oc2c1ccc1ccccc12,620,6.207608311
CHEMBL4560278,O=C(O)c1cnc(-c2ccc(O)c(-n3ccnn3)c2)[nH]c1=O,629,6.201349355
CHEMBL4104394,CCCCCCCCOc1ccc(-n2cc(C(=O)O)nn2)cc1C#N,630,6.200659451
CHEMBL1165707,N#Cc1cc(-c2cc(C(=O)O)no2)ccc1OCc1ccc(Cl)cc1,630,6.200659451
CHEMBL1644706,Cc1cc(=O)n2nc(COc3ccc(Cl)c(C)c3)sc2n1,634,6.197910742
CHEMBL4240082,CC(C)CCOc1ccc(-c2nc(-c3ccncc3)cn2O)cc1C#N,640,6.193820026
CHEMBL172687,CN(C)CCOc1ccc(-n2cc(C(=O)O)cn2)cc1C#N,700,6.15490196
CHEMBL5187373,COc1cccc(Cn2cc(COc3ccc(F)cc3C=O)nn2)c1,700,6.15490196
CHEMBL4096868,COc1ccc(COc2ccc(-n3cc(C(=O)O)nn3)cc2C#N)cc1,720,6.142667504
CHEMBL5397912,COc1cc(OC)c(C(=O)/C=C/c2ccccc2F)c(O)c1C(=O)/C=C/c1ccccc1F,728,6.137868621
CHEMBL4797193,CC(C)Oc1ccc(-c2c[nH]c(C(=O)O)n2)cc1C#N,750,6.124938737
CHEMBL4080364,COc1ccccc1COc1ccc(-n2cc(C(=O)O)nn2)cc1C#N,760,6.119186408
CHEMBL4172836,N#Cc1cc(NC(=O)c2ccncc2)ccc1OCc1ccc(Cl)cc1,800,6.096910013
CHEMBL4096778,O=Cc1cc(F)ccc1OCc1cn(Cc2ccc3c(c2)C(=O)c2ccccc2C3=O)nn1,800,6.096910013
CHEMBL4797238,N#Cc1cn(C2CCCC2)c2cc(-c3noc(=O)[nH]3)ccc12,820,6.086186148
CHEMBL4069651,N#Cc1ccc(COc2ccc(-n3cc(C(=O)O)nn3)cc2C#N)cc1,850,6.070581074
CHEMBL4790472,N#Cc1cn(CC2CC2)c2ccc(-c3noc(=O)[nH]3)cc12,880,6.055517328
CHEMBL4164929,N#Cc1cc(NC(=O)c2ccncc2)ccc1OCc1ccccc1,900,6.045757491
CHEMBL5192575,COc1ccccc1Cn1cc(COc2ccc(F)cc2C=O)nn1,940,6.026872146
CHEMBL4077721,N#Cc1cc(-n2cc(C(=O)O)nn2)ccc1OCc1ccc(Cl)cc1,940,6.026872146
CHEMBL4788396,CCOc1ccc(-c2c[nH]c(C(=O)O)n2)cc1C#N,948,6.023191663
CHEMBL4098314,O=C(N/N=C/c1c(O)cc(O)cc1O)c1ccncc1,960,6.017728767
CHEMBL1165487,O=C(O)c1cc(-c2ccc(OCc3ccccc3)c([N+](=O)[O-])c2)on1,970,6.013228266
CHEMBL1165002,CC(C)COc1ccc(-c2cc(C(=O)O)no2)cc1[N+](=O)[O-],1000,6
CHEMBL3274320,O=C(O)c1nc(-c2cccnc2)[nH]c1C(=O)O,1000,6
CHEMBL1164728,CC(C)(C)c1ccc(COc2ccc(-c3cc(C(=O)O)no3)cc2C#N)cc1,1010,5.995678626
CHEMBL5624881,N#Cc1ccc2c(c1)c(C(=O)Nc1scnc1C(=O)O)cn2Cc1ccccn1,1010,5.995678626
CHEMBL4776621,CC(C)CCn1cc(C#N)c2cc(-c3noc(=O)[nH]3)ccc21,1020,5.991399828
CHEMBL4786427,COc1ccc(Cn2cc(C#N)c3cc(-c4noc(=O)[nH]4)ccc32)cc1,1020,5.991399828
CHEMBL5175654,COc1cccc(Cn2cc(COc3ccccc3C=O)nn2)c1,1020,5.991399828
CHEMBL4552059,CC(C)Oc1ccc(-c2cc(C(=O)NN)c(=O)[nH]n2)cc1C#N,1030,5.987162775
CHEMBL1644707,Cc1cccc(OCc2nn3c(=O)cc(C)nc3s2)c1,1030,5.987162775
CHEMBL5558143,N#Cc1cn(Cc2ccccc2)c2ccc(-c3cc(C(=O)O)no3)cc12,1030,5.987162775
CHEMBL4066322,N#Cc1cc(-n2cc(C(=O)O)nn2)ccc1OC1CCCC1,1080,5.966576245
CHEMBL4794244,CC(C)Cn1cc(C#N)c2cc(-c3noc(=O)[nH]3)ccc21,1090,5.962573502
CHEMBL4209730,N#Cc1cccc(/N=N/c2cccc(=O)c(O)c2)c1,1100,5.958607315
CHEMBL5194371,Cc1cccc(Cn2cc(COc3ccccc3C=O)nn2)c1,1110,5.954677021
CHEMBL4799204,Cc1ccc(Cn2cc(C#N)c3cc(-c4noc(=O)[nH]4)ccc32)cc1,1140,5.943095149
CHEMBL5556496,N#Cc1cn(Cc2ccc(Br)cc2)c2ccc(-c3cc(C(=O)O)no3)cc12,1170,5.931814138
CHEMBL5170731,Cc1cccc(Cn2cc(COc3ccc(F)cc3C=O)nn2)c1,1180,5.928117993
CHEMBL222557,O=C(/C=C/c1ccc(O)c(O)c1)c1ccc(O)c(O)c1O,1200,5.920818754
CHEMBL3276837,Oc1cc(O)n2ncc(Br)c2n1,1200,5.920818754
CHEMBL4093490,O=C(O)COc1ccc2c(c1)O/C(=C\c1ccccc1Cl)C2=O,1230,5.910094889
CHEMBL4785827,CC(C)=CCn1cc(C#N)c2cc(-c3noc(=O)[nH]3)ccc21,1240,5.906578315
CHEMBL3628196,CCCCCCCCOc1ccc(-c2nc(C)c(C(=O)O)n2O)cc1C#N,1258.93,5.899998417
CHEMBL3628208,COn1c(-c2ccc(Cc3ccc(C)cc3)c(C#N)c2)nc(C)c1C(=O)O,1258.93,5.899998417
CHEMBL5542136,N#Cc1cn(Cc2ccc(Cl)cc2)c2ccc(-c3cc(C(=O)O)no3)cc12,1260,5.899629455
CHEMBL117,O=c1cc(-c2ccccc2)oc2cc(O)cc(O)c12,1260,5.899629455
CHEMBL4067565,COc1ccc(/C=C2\Oc3cc(OCC(=O)O)ccc3C2=O)c(OC)c1,1270,5.896196279
CHEMBL5556881,N#Cc1cn(Cc2cccc(F)c2)c2ccc(-c3cc(C(=O)O)no3)cc12,1290,5.88941029
CHEMBL4079426,COc1ccccc1/C=C1\Oc2cc(OCC(=O)O)ccc2C1=O,1300,5.886056648
CHEMBL3274313,O=[N+]([O-])c1cnc(-c2cccnc2)[nH]1,1300,5.886056648
CHEMBL128000,O=C(/C=C/c1ccc(O)c(O)c1)c1ccc(O)cc1O,1300,5.886056648
CHEMBL5195751,CC(=O)OCC1=CC[C@@H]2C(C(=O)Nc3ncco3)=CO[C@@H](O[C@@H]3O[C@H](COC(C)=O)[C@@H](OC(C)=O)[C@H](OC(C)=O)[C@H]3OC(C)=O)[C@H]12,1370,5.863279433
CHEMBL2022883,COc1ccc(-c2cc(S)nc(N)n2)cc1OC,1400,5.853871964
CHEMBL3276838,Oc1cc(O)n2ncc(Cl)c2n1,1400,5.853871964
CHEMBL4793119,CC(C)(C)c1ccc(Cn2cc(C#N)c3cc(-c4noc(=O)[nH]4)ccc32)cc1,1440,5.841637508
CHEMBL5196500,COc1ccccc1Cn1cc(COc2ccccc2C=O)nn1,1450,5.838631998
CHEMBL4071841,CCCCCCCOc1ccc(-n2cc(C(=O)O)nn2)cc1C#N,1470,5.832682665
CHEMBL3628202,CCC(C)Oc1ccc(-c2nc(C)c(C(=O)O)n2OC)cc1C#N,1500,5.823908741
CHEMBL4096672,CCCCCCOc1ccc(-n2cc(C(=O)O)nn2)cc1C#N,1500,5.823908741
CHEMBL354997,N#Cc1cc(-n2cc(C(=O)O)cn2)ccc1OCC(=O)O,1500,5.823908741
CHEMBL4105165,COc1ccc(/C=C2\Oc3cc(OCC(=O)O)ccc3C2=O)cc1,1570,5.804100348
CHEMBL4176624,CC(C)COc1ccc(NC(=O)c2ccncc2)cc1C#N,1600,5.795880017
CHEMBL4875331,CC(C)COc1ccc(-c2ncccn2)cc1C#N,1611,5.79290446
CHEMBL4071469,CC(C)CCOc1ccc(-n2cc(C(=O)O)nn2)cc1C#N,1620,5.790484985
CHEMBL5196752,Cc1ccccc1Cn1cc(COc2ccccc2C=O)nn1,1630,5.787812396
CHEMBL1644705,Cc1cc(=O)n2nc(COc3ccccc3Cl)sc2n1,1650,5.782516056
CHEMBL4777174,COc1cccc(Cn2cc(C#N)c3cc(-c4noc(=O)[nH]4)ccc32)c1,1700,5.769551079
CHEMBL5198515,N#Cc1cccc(Cn2cc(COc3ccccc3C=O)nn2)c1,1710,5.76700389
CHEMBL4793533,N#Cc1cn(Cc2ccc(F)cc2)c2ccc(-c3noc(=O)[nH]3)cc12,1710,5.76700389
CHEMBL4799787,N#Cc1cn(Cc2ccccc2)c2ccc(-c3noc(=O)[nH]3)cc12,1720,5.764471553
CHEMBL44,O=c1c(-c2ccc(O)cc2)coc2cc(O)cc(O)c12,1730,5.761953897
CHEMBL4783579,CC(C)n1cc(C#N)c2ccc(-c3noc(=O)[nH]3)cc21,1800,5.744727495
CHEMBL1644712,Cc1ccc(OCc2nn3c(=O)cc(C)nc3s2)c(C)c1,1800,5.744727495
CHEMBL4164363,COc1ccccc1COc1ccc(NC(=O)c2ccncc2)cc1C#N,1800,5.744727495
CHEMBL4786801,Cc1ccc(Cn2cc(C#N)c3ccc(-c4noc(=O)[nH]4)cc32)cc1,1840,5.735182177
CHEMBL5557327,N#Cc1cn(Cc2cccc(Cl)c2)c2ccc(-c3cc(C(=O)O)no3)cc12,1840,5.735182177
CHEMBL5182310,CC(=O)OCC1=CC[C@@H]2C(C(=O)Nc3ccc(C#N)cc3)=CO[C@@H](O[C@@H]3O[C@H](COC(C)=O)[C@@H](OC(C)=O)[C@H](OC(C)=O)[C@H]3OC(C)=O)[C@H]12,1860,5.730487056
CHEMBL4476633,CC(C)Oc1ccc(-c2cc(C(=O)NN)c(=O)[nH]n2)cc1[N+](=O)[O-],1920,5.716698771
CHEMBL4855947,N#Cc1cc(-c2ncccn2)ccc1OCc1ccccc1,1949,5.710188161
CHEMBL179925,O=c1cc(-c2ccc([N+](=O)[O-])cc2)oc2c1ccc1ccccc12,1950,5.709965389
CHEMBL4166015,CC(C)CCOc1ccc(NC(=O)c2ccncc2)cc1C#N,2000,5.698970004
CHEMBL3274330,FC(F)(F)c1cnc(-c2ccncc2)[nH]1,2000,5.698970004
CHEMBL4167511,N#Cc1cccc(COc2ccc(NC(=O)c3ccncc3)cc2C#N)c1,2000,5.698970004
CHEMBL5173806,COc1ccccc1Cn1cc(COc2cc(F)ccc2C=O)nn1,2070,5.684029655
CHEMBL4799174,N#Cc1cn(Cc2ccc(Br)cc2)c2ccc(-c3noc(=O)[nH]3)cc12,2070,5.684029655
CHEMBL4455804,O=C(Nc1ccncc1)c1ccc(OCc2ccccc2)c(-n2cnnn2)c1,2100,5.677780705
CHEMBL5174690,CC(C)CCn1cc(COc2ccc(F)cc2C=O)nn1,2120,5.673664139
CHEMBL5624974,N#Cc1ccc2c(c1)c(C(=O)Nc1ncc(C(=O)O)s1)cn2Cc1ccccn1,2120,5.673664139
CHEMBL3923185,O=c1oc2cc(O)cc(O)c2cc1-c1cccc(O)c1,2130,5.671620397
CHEMBL5193622,CC(=O)OCC1=CC[C@@H]2C(C(=O)Nn3cccc3)=CO[C@@H](O[C@@H]3O[C@H](COC(C)=O)[C@@H](OC(C)=O)[C@H](OC(C)=O)[C@H]3OC(C)=O)[C@H]12,2150,5.66756154
CHEMBL4751642,CC(C)COc1ccc(-c2cn(C)c(C(=O)O)n2)cc1C#N,2158,5.66594856
CHEMBL4789013,Cc1cccc(Cn2cc(C#N)c3cc(-c4noc(=O)[nH]4)ccc32)c1,2160,5.665546249
CHEMBL5200229,N#Cc1ccccc1Cn1cc(COc2ccccc2C=O)nn1,2220,5.653647026
CHEMBL4168690,CCCCOc1ccc(NC(=O)c2ccncc2)cc1C#N,2300,5.638272164
CHEMBL4159596,N#Cc1ccc(COc2ccc(NC(=O)c3ccncc3)cc2C#N)cc1,2300,5.638272164
CHEMBL4096481,N#Cc1cc(-n2cc(C(=O)O)nn2)ccc1OCc1ccccc1,2400,5.619788758
CHEMBL4776350,N#Cc1cn(Cc2ccc(Cl)cc2)c2ccc(-c3noc(=O)[nH]3)cc12,2400,5.619788758
CHEMBL1818919,CC(=O)NC(CC(=O)c1ccc2ccccc2c1)c1cccc(Br)c1,2450,5.610833916
CHEMBL5202765,CCCCn1cc(COc2ccc(F)cc2C=O)nn1,2490,5.603800653
CHEMBL1644711,Cc1cc(=O)n2nc(COc3ccc([N+](=O)[O-])cc3)sc2n1,2501,5.601886308
CHEMBL4438973,CCOc1ccc(-c2cc(C(=O)NN)c(=O)[nH]n2)cc1C#N,2540,5.595166283
CHEMBL5202657,N#Cc1cccc(Cn2cc(COc3ccc(F)cc3C=O)nn2)c1,2540,5.595166283
CHEMBL5175321,CC(C)n1cc(COc2ccc(F)cc2C=O)nn1,2560,5.591760035
CHEMBL4776738,N#Cc1cn(Cc2cccc(Br)c2)c2ccc(-c3noc(=O)[nH]3)cc12,2600,5.585026652
CHEMBL5630266,N#Cc1ccc2c(c1)c(C(=O)Nc1cc[nH]c1C(=O)O)cn2Cc1ccccn1,2670,5.573488739
CHEMBL4165271,CCCCCCOc1ccc(NC(=O)c2ccncc2)cc1C#N,2700,5.568636236
CHEMBL2338661,O=Cc1cc(O)c2c(c1)C(=O)c1cccc(O)c1C2=O,2790,5.554395797
CHEMBL1164904,O=C(O)c1cc(-c2ccc(OCc3ccc(Cl)cc3)c([N+](=O)[O-])c2)on1,2830,5.548213564
CHEMBL4066958,CCCCCOc1ccc(-n2cc(C(=O)O)nn2)cc1C#N,2850,5.54515514
CHEMBL4783575,N#Cc1cn(CC2CCCCC2)c2ccc(-c3noc(=O)[nH]3)cc12,2860,5.543633967
CHEMBL4438198,CC(C)COc1ccc(C(=O)Nc2ccncc2)cc1-n1cnnn1,2890,5.539102157
CHEMBL5420077,O=C(NC(Cc1ccccc1)C(=O)O)c1ccc2c(c1)C(=O)c1ccccc1C2=O,2900,5.537602002
CHEMBL4789870,N#Cc1cn(Cc2cccc(Cl)c2)c2ccc(-c3noc(=O)[nH]3)cc12,2930,5.53313238
CHEMBL4566911,CC(C)COc1ccc(-c2cc(C(=O)NN)c(=O)[nH]n2)cc1C#N,2970,5.527243551
CHEMBL5190241,CCCCCn1cc(COc2ccc(F)cc2C=O)nn1,2990,5.524328812
CHEMBL4173175,CCCCCOc1ccc(NC(=O)c2ccncc2)cc1C#N,3000,5.522878745
CHEMBL225618,O=C(/C=C/c1ccc(O)c(O)c1)c1ccc(O)c(O)c1,3000,5.522878745
CHEMBL4212893,O=c1cccc(/N=N/c2cc(C(F)(F)F)cc(C(F)(F)F)c2)cc1O,3000,5.522878745
CHEMBL440107,OCc1ccc(O)c(O)c1,3000,5.522878745
CHEMBL4554421,CCCOc1ccc(-c2cc(C(=O)NN)c(=O)[nH]n2)cc1C#N,3100,5.508638306
CHEMBL5517658,N#Cc1c[nH]c2ccc(-c3cc(C(=O)O)no3)cc12,3100,5.508638306
CHEMBL490355,O=C1/C(=C/c2ccc(O)c(O)c2)Oc2cc(O)ccc21,3100,5.508638306
CHEMBL382408,O=C(OC[C@H]1O[C@@H](OC(=O)c2cc(O)c(O)c(O)c2)[C@H](OC(=O)c2cc(O)c(O)c(O)c2)[C@@H](OC(=O)c2cc(O)c(O)c(O)c2)[C@@H]1OC(=O)c1cc(O)c(O)c(O)c1)c1cc(O)c(O)c(O)c1,3200,5.494850022
CHEMBL4061387,CC(C)COc1ccc(-n2cc(C(=O)O)nn2)cc1C#N,3270,5.485452247
CHEMBL169728,N#Cc1cccc(-n2cc(C(=O)O)cn2)c1,3300,5.48148606
CHEMBL4104593,N#Cc1cccc(COc2ccc(-n3cc(C(=O)O)nn3)cc2C#N)c1,3350,5.474955193
CHEMBL5171251,CCn1cc(COc2ccc(F)cc2C=O)nn1,3460,5.460923901
CHEMBL1467,Oc1ncnc2[nH]ncc12,3530,5.452225295
CHEMBL5185837,CCCCn1cc(COc2cc(F)ccc2C=O)nn1,3590,5.444905551
CHEMBL4792881,N#Cc1cn(Cc2cccc(F)c2)c2ccc(-c3noc(=O)[nH]3)cc12,3600,5.443697499
CHEMBL4449170,CC(C)COc1ccc(-c2cc(C(=O)NN)c(=O)[nH]n2)cc1[N+](=O)[O-],3650,5.437707136
CHEMBL4087307,O=C(O)COc1ccc2c(c1)O/C(=C\c1ccccc1C(=O)O)C2=O,3840,5.415668776
CHEMBL4524769,CCCCCOc1ccc(C(=O)Nc2ccncc2)cc1-n1cnnn1,3860,5.413412695
CHEMBL3121613,O=C1c2cccc(O)c2C(=O)c2c(O)cc(/C=N/c3ccccc3)cc21,3870,5.412289035
CHEMBL2322154,CC(C)COc1ccc(-c2cc(C(N)=O)nc(N)n2)cc1C#N,3900,5.408935393
CHEMBL3628205,CCCCCCOc1ccc(-c2nc(C)c(C(=O)O)n2OC)cc1C#N,3900,5.408935393
CHEMBL4176545,CCCOc1ccc(NC(=O)c2ccncc2)cc1C#N,3900,5.408935393
CHEMBL4456360,COc1cc(-c2c(O)c(=O)oc3cc(O)cc(O)c23)ccc1O,3900,5.408935393
CHEMBL4061512,CCC(C)Oc1ccc(-n2cc(C(=O)O)nn2)cc1C#N,3960,5.402304814
CHEMBL3105611,COC(=O)C1=C(C)Oc2ccc3ccccc3c2C1c1cccs1,4000,5.397940009
CHEMBL5177416,Cc1ccccc1Cn1cc(COc2ccc(F)cc2C=O)nn1,4010,5.396855627
CHEMBL4783904,N#Cc1c[nH]c2ccc(-c3noc(=O)[nH]3)cc12,4130,5.384049948
CHEMBL5199315,CC(=O)OCC1=CC[C@@H]2C(C(=O)Nc3ccc(Br)c4ccccc34)=CO[C@@H](O[C@@H]3O[C@H](COC(C)=O)[C@@H](OC(C)=O)[C@H](OC(C)=O)[C@H]3OC(C)=O)[C@H]12,4140,5.382999659
CHEMBL5208185,N#Cc1ccccc1Cn1cc(COc2ccc(F)cc2C=O)nn1,4150,5.381951903
CHEMBL2088608,Cn1c2ccccc2c2cc(/C=C/C(=O)c3cccc(NC(=O)C4CC4)c3)ccc21,4300,5.366531544
CHEMBL341135,O=C(/C=C/c1ccc(O)c(O)c1)c1ccc(O)cc1,4300,5.366531544
CHEMBL170405,O=c1c(O)c(-c2cc(O)c(O)c(O)c2)oc2cc(O)ccc12,4300,5.366531544
CHEMBL4248090,CCC(C)Oc1ccc(-c2nc(-c3ccncc3)cn2O)cc1C#N,4350,5.361510743
CHEMBL2088594,Cn1c2ccccc2c2cc(/C=C/C(=O)c3cccc(NC(=O)c4cccc(Cl)c4)c3)ccc21,4400,5.356547324
CHEMBL4872094,N#Cc1cc(-c2ncccn2)ccc1OCC1CCCCC1,4446,5.352030542
CHEMBL4282897,CNC(=O)/C=C/c1ccc(O)c2oc(-c3ccc(O)c(O)c3)cc12,4450,5.351639989
CHEMBL4072779,O=C(O)COc1ccc2c(c1)O/C(=C\c1ccccc1)C2=O,4470,5.349692477
CHEMBL4438657,CC(C)CCOc1ccc(-c2cc(C(=O)NN)c(=O)[nH]n2)cc1C#N,4500,5.346787486
CHEMBL2088597,Cn1c2ccccc2c2cc(/C=C/C(=O)c3cccc(NC(=O)c4cccc(F)c4)c3)ccc21,4500,5.346787486
CHEMBL3407503,COc1cc(-c2oc3cc(O)c(OC)c(O)c3c(=O)c2OC)cc(OC)c1OC,4540,5.342944147
CHEMBL4549903,CCCCCCOc1ccc(C(=O)Nc2ccncc2)cc1-n1cnnn1,4590,5.338187314
CHEMBL1795523,N#Cc1ccc(COc2cc(O)cc3oc4cc(O)c(O)cc4c(=O)c23)cc1,4670,5.330683119
CHEMBL169420,CC(C)COc1ccc(-n2cc(C(=O)O)cn2)cc1,4700,5.327902142
CHEMBL1795514,O=c1c2cc(O)c(O)cc2oc2cc(O)cc(OCc3ccc(Cl)cc3)c12,4700,5.327902142
CHEMBL4251121,CC(C)Oc1ccc(-c2nc(-c3ccncc3)cn2O)cc1C#N,4750,5.32330639
CHEMBL361608,O=c1cc(-c2ccccc2F)oc2c1ccc1ccccc12,4940,5.306273051
CHEMBL4159940,CCCCCCCOc1ccc(NC(=O)c2ccncc2)cc1C#N,5000,5.301029996
CHEMBL3276835,Oc1cc(O)n2nccc2n1,5000,5.301029996
CHEMBL4093939,CCCCOc1ccc(-n2cc(C(=O)O)nn2)cc1C#N,5030,5.298432015
CHEMBL2088607,Cn1c2ccccc2c2cc(/C=C/C(=O)c3cccc(NC(=O)/C=C/c4ccccc4)c3)ccc21,5100,5.292429824
CHEMBL2088604,Cn1c2ccccc2c2cc(/C=C/C(=O)c3cccc(NC(=O)c4cccc(C(F)(F)F)c4)c3)ccc21,5100,5.292429824
CHEMBL5188486,CC(=O)OCC1=CC[C@@H]2C(C(=O)Oc3cccc(C#N)c3)=CO[C@@H](O[C@@H]3O[C@H](COC(C)=O)[C@@H](OC(C)=O)[C@H](OC(C)=O)[C@H]3OC(C)=O)[C@H]12,5150,5.288192771
CHEMBL4285956,O=c1cc(-c2ccc([N+](=O)[O-])cc2)oc2ccc3ccccc3c12,5210,5.283162277
CHEMBL4564323,CCCCOc1ccc(-c2cc(C(=O)NN)c(=O)[nH]n2)cc1C#N,5240,5.280668713
CHEMBL5196295,CCCn1cc(COc2ccc(F)cc2C=O)nn1,5240,5.280668713
CHEMBL1684780,CC(=O)N1N=C(c2ccco2)CC1c1ccncc1,5300,5.27572413
CHEMBL2088602,Cc1ccc(C(=O)Nc2cccc(C(=O)/C=C/c3ccc4c(c3)c3ccccc3n4C)c2)cc1,5300,5.27572413
CHEMBL126669,O=C(/C=C/c1ccc(O)c(O)c1)c1cccc(O)c1,5300,5.27572413
CHEMBL4778751,Cn1cc(C#N)c2cc(-c3noc(=O)[nH]3)ccc21,5410,5.266802735
CHEMBL3754082,O=C(/C=C/c1ccc(O)c(O)c1O)c1ccc(O)c(O)c1O,5500,5.259637311
CHEMBL2088595,Cn1c2ccccc2c2cc(/C=C/C(=O)c3cccc(NC(=O)c4ccc(Cl)cc4)c3)ccc21,5600,5.251811973
CHEMBL3274318,N#Cc1cnc(-c2ccncc2)[nH]1,5600,5.251811973
CHEMBL4161510,N#Cc1cc(NC(=O)c2ccncc2)ccc1OC1CCCC1,5700,5.244125144
CHEMBL1795508,Cc1ccc(COc2cc(O)cc3oc4cc(O)c(O)cc4c(=O)c23)cc1,5730,5.241845378
CHEMBL3274319,O=C(O)c1nc(-c2ccncc2)[nH]c1C(=O)O,5800,5.236572006
CHEMBL4558264,CCCCCOc1ccc(-c2cc(C(=O)NN)c(=O)[nH]n2)cc1C#N,5890,5.229884705
CHEMBL4571923,CC(C)CCOc1ccc(-c2cc(C(=O)NN)c(=O)[nH]n2)cc1[N+](=O)[O-],6020,5.220403509
CHEMBL4162571,CCC(C)Oc1ccc(NC(=O)c2ccncc2)cc1C#N,6100,5.214670165
CHEMBL3105618,COC(=O)C1=C(C)Oc2ccc3ccccc3c2C1c1ccc[nH]1,6230,5.205511953
CHEMBL4094828,CC(C)Oc1ccc(-n2cc(C(=O)O)nn2)cc1C#N,6240,5.20481541
CHEMBL1645490,O=c1cc(-c2cccnc2)[nH]c2ccccc12,6240,5.20481541
CHEMBL1795512,O=c1c2cc(O)c(O)cc2oc2cc(O)cc(OCc3ccccc3Cl)c12,6410,5.19314197
CHEMBL4094816,O=c1nc(-c2ccncc2)cc(-c2cccs2)[nH]1,6450,5.190440285
CHEMBL4071209,COc1ccc2c(c1)C(=O)C(=O)N2CCn1cc(COc2cc(=O)oc3ccccc23)nn1,6500,5.187086643
CHEMBL1966973,O=C(/C=C/c1ccc(O)c(O)c1)c1cc(O)cc(O)c1,6500,5.187086643
CHEMBL4067863,O=Cc1ccc(F)cc1OCc1cn(Cc2ccc3c(c2)C(=O)c2ccccc2C3=O)nn1,6500,5.187086643
CHEMBL4281495,COC(=O)/C=C/c1ccc(O)c2oc(-c3ccc(O)c(O)c3)cc12,6550,5.1837587
CHEMBL4778179,CC(C)CCn1cc(C#N)c2ccc(-c3noc(=O)[nH]3)cc21,6560,5.183096161
CHEMBL4243871,CC(C)CCOc1ccc(-c2nc(-c3cccnc3)cn2O)cc1C#N,6730,5.171984936
CHEMBL3407749,COc1cc(-c2oc3cc(O)c(OC)c(O)c3c(=O)c2OC)cc(O)c1OC,6950,5.158015195
CHEMBL4084903,O=c1cc(-c2cc(F)cc(F)c2)oc2c1ccc1ccccc12,6950,5.158015195
CHEMBL4065229,COc1ccc(Nc2ncnc3c2C(c2ccc(O)c(OC)c2)C2=C(CCCC2=O)O3)cc1,7000,5.15490196
CHEMBL1795506,Cc1ccccc1COc1cc(O)cc2oc3cc(O)c(O)cc3c(=O)c12,7080,5.149966742
CHEMBL3746724,O=C(O)c1ccc2c(c1)C(=O)N(c1ccccc1)C2=O,7150,5.145693958
CHEMBL4078285,O=c1nc(-c2ccncc2)cc(-c2ccco2)[nH]1,7230,5.140861703
CHEMBL466202,CC(C)COc1ccc(NC(=O)C(=O)O)cc1Cl,7300,5.13667714
CHEMBL3105617,COC(=O)C1=C(C)Oc2ccc3ccccc3c2C1c1sccc1C,7310,5.136082623
CHEMBL4214131,O=c1cccc(/N=N/c2cccc(C(F)(F)F)c2)cc1O,7400,5.13076828
CHEMBL4278699,O=c1cc(-c2cc(F)cc(F)c2)oc2ccc3ccccc3c12,7670,5.115204636
CHEMBL4085848,COc1ccc(Nc2ncnc3c2C(c2ccc(OC)c(OC)c2)C2=C(CCCC2=O)O3)cc1,8000,5.096910013
CHEMBL3628204,COn1c(-c2ccc(OCCC(C)C)c(C#N)c2)nc(C)c1C(=O)O,8000,5.096910013
CHEMBL2338666,COc1cccc2c1C(=O)c1c(OC)cc(/C=N/[C@H]3C(OC(C)=O)O[C@H](COC(C)=O)[C@@H](OC(C)=O)[C@H]3OC(C)=O)cc1C2=O,8430,5.074172425
CHEMBL1818918,CC(=O)NC(CC(=O)c1ccc2ccccc2c1)c1ccccc1,8500,5.070581074
CHEMBL4066280,COc1ccc(Nc2ncnc3c2C(c2ccc(O)c(O)c2)C2=C(CCCC2=O)O3)cc1,8500,5.070581074
CHEMBL3754006,O=C(/C=C/c1cc(O)ccc1O)c1ccc(O)c(O)c1,8600,5.065501549
CHEMBL5199584,CC(=O)OCC1=CC[C@@H]2C(C(=O)On3cccn3)=CO[C@@H](O[C@@H]3O[C@H](COC(C)=O)[C@@H](OC(C)=O)[C@H](OC(C)=O)[C@H]3OC(C)=O)[C@H]12,8740,5.058488567
CHEMBL4284553,O=c1cc(-c2ccc(Br)cc2)oc2ccc3ccccc3c12,8900,5.050609993
CHEMBL4204262,O=c1cccc(/N=N/c2cccc(F)c2)cc1O,8900,5.050609993
CHEMBL4078823,O=c1cc(-c2ccc(Br)cc2)oc2c1ccc1ccccc12,8930,5.049148541
CHEMBL4095793,CCCCCCn1cc(COc2ccc(F)cc2C=O)nn1,9000,5.045757491
CHEMBL5188118,CC(=O)OCC1=CC[C@@H]2C(C(=O)Oc3ccncc3)=CO[C@@H](O[C@@H]3O[C@H](COC(C)=O)[C@@H](OC(C)=O)[C@H](OC(C)=O)[C@H]3OC(C)=O)[C@H]12,9150,5.038578906
CHEMBL5173676,CCC(C)n1cc(COc2ccc(F)cc2C=O)nn1,9360,5.028724151
CHEMBL2022881,COc1ccc(-c2cc(O)nc(N)n2)cc1,9400,5.026872146
CHEMBL4173257,CC(C)Oc1ccc(NC(=O)c2ccncc2)cc1C#N,9500,5.022276395
CHEMBL4238313,C=CCOc1ccc(-c2nc(-c3cccnc3)cn2O)cc1C#N,9620,5.016824928
CHEMBL4290386,O=C(O)CCc1ccc(O)c2oc(-c3ccc(O)c(O)c3)cc12,9760,5.010550182
CHEMBL77686,COc1ccc(-c2oc3cc(OC)cc(O)c3c(=O)c2OC)cc1,9790,5.009217308
CHEMBL516626,CC(C)COc1ccc(-c2nc(-c3ccnc(Cl)c3)n[nH]2)cc1[N+](=O)[O-],10000,5
CHEMBL3105612,COC(=O)C1=C(C)Oc2ccc3ccccc3c2C1c1ccco1,10000,5
CHEMBL4059808,O=C(N/N=C/c1ccc(O)c(O)c1)c1cccnc1,10000,5
CHEMBL151,O=c1cc(-c2ccc(O)c(O)c2)oc2cc(O)cc(O)c12,10200,4.991399828
CHEMBL28,O=c1cc(-c2ccc(O)cc2)oc2cc(O)cc(O)c12,10210,4.990974258
CHEMBL1588404,Oc1nc(-c2ccccc2)cc(-c2ccccc2)n1,10210,4.990974258
CHEMBL4240097,CC(C)COc1ccc(-c2nc(-c3cccnc3)cn2O)cc1C#N,10280,4.988006885
CHEMBL4278655,O=C(/C=C/c1ccc(O)c2oc(-c3ccc(O)c(O)c3)cc12)Nc1ccc(O)cc1,11010,4.958212681
CHEMBL4102554,O=c1nc(-c2ccncc2)cc(-c2cccc3ccccc23)[nH]1,11230,4.949620244
CHEMBL252642,O=C1C[C@@H](c2ccc(O)cc2)Oc2cc(O)ccc21,11300,4.946921557
CHEMBL3105615,CCOC(=O)C1=C(C)Oc2ccc3ccccc3c2C1c1cccs1,11420,4.942333896
CHEMBL4279042,CNC(=O)CCc1ccc(O)c2oc(-c3ccc(O)c(O)c3)cc12,11470,4.940436582
CHEMBL4086172,O=c1nc(-c2ccc(Cl)cc2)cc(-c2ccc(Cl)cc2)[nH]1,12000,4.920818754
CHEMBL1684769,CC(=O)N1N=C(c2ccco2)CC1c1ccc([N+](=O)[O-])cc1,12400,4.906578315
CHEMBL3310952,O=C(N/N=C/c1ccc(O)c(O)c1)c1ccncc1,12400,4.906578315
CHEMBL4292058,O=c1cc(-c2ccc(F)cc2)oc2ccc3ccccc3c12,12440,4.90517962
CHEMBL55415,O=c1cc(-c2ccc(O)cc2)oc2cc(O)c(O)c(O)c12,12600,4.899629455
CHEMBL5171292,CC(=O)OCC1=CC[C@@H]2C(C(=O)SC3=NCCS3)=CO[C@@H](O[C@@H]3O[C@H](COC(C)=O)[C@@H](OC(C)=O)[C@H](OC(C)=O)[C@H]3OC(C)=O)[C@H]12,12610,4.899284913
CHEMBL1163781,CC(C)(C)c1ccc(COc2ccc(-c3cc(C(=O)O)no3)cc2[N+](=O)[O-])cc1,12750,4.894489815
CHEMBL5192231,COC(=O)C1=COC(OC(=O)Nc2ccc(OC)cc2)[C@@H]2C(COC(=O)Nc3ccc(OC)cc3)=CC[C@H]12,12810,4.89245087
CHEMBL3274335,c1cc(-c2nc3cnccc3[nH]2)ccn1,13000,4.886056648
CHEMBL1684767,CC(=O)N1N=C(c2ccco2)CC1c1cccc([N+](=O)[O-])c1,13100,4.882728704
CHEMBL3105616,CCOC(=O)C1=C(C)Oc2ccc3ccccc3c2C1c1ccco1,13240,4.878112015
CHEMBL4293504,CCNC(=O)/C=C/c1ccc(O)c2oc(-c3ccc(O)c(O)c3)cc12,13490,4.86998805
CHEMBL5203248,CCCCn1cc(COc2ccccc2C=O)nn1,13500,4.869666232
CHEMBL1795507,Cc1cccc(COc2cc(O)cc3oc4cc(O)c(O)cc4c(=O)c23)c1,13560,4.86774031
CHEMBL4279434,CC(C)NC(=O)/C=C/c1ccc(O)c2oc(-c3ccc(O)c(O)c3)cc12,13860,4.85823677
CHEMBL214321,COc1cc(-c2cc(=O)c3c(O)cc(O)cc3o2)ccc1O,14000,4.853871964
CHEMBL243664,COc1ccc(-c2cc(=O)c3c(O)cc(O)cc3o2)cc1,14100,4.850780887
CHEMBL1684766,CC(=O)N1N=C(c2ccco2)CC1c1ccccc1[N+](=O)[O-],14200,4.847711656
CHEMBL5194631,CC(C)Cn1cc(COc2ccc(F)cc2C=O)nn1,14320,4.844056982
CHEMBL599338,O=c1cc(-c2ccccc2F)oc2ccc3ccccc3c12,14670,4.833569886
CHEMBL1684778,CC(=O)N1N=C(c2ccco2)CC1c1cccc(Cl)c1Cl,14800,4.829738285
CHEMBL521934,COc1ccc(-c2oc3cc(OC)c(OC)c(O)c3c(=O)c2OC)cc1,14900,4.826813732
CHEMBL468494,CC(C)COc1ccc(NC(=O)Nc2ccncc2)cc1[N+](=O)[O-],15000,4.823908741
CHEMBL3274332,Clc1cc2nc(-c3ccncc3)[nH]c2cc1Cl,15000,4.823908741
CHEMBL4084036,COc1ccc(Nc2ncnc3c2C(c2ccc(O)c(OC)c2)c2c(c(=O)oc4ccccc24)O3)cc1,15000,4.823908741
CHEMBL3276836,O=[N+]([O-])c1cnn2c(O)cc(O)nc12,15000,4.823908741
CHEMBL4096835,O=Cc1cccc(OCc2cn(Cc3ccc4c(c3)C(=O)c3ccccc3C4=O)nn2)c1,15100,4.821023053
CHEMBL1684770,CC(=O)N1N=C(c2ccco2)CC1c1ccc(Cl)cc1,15200,4.818156412
CHEMBL1818934,CC(=O)NC(CC(=O)c1ccco1)c1cccc([N+](=O)[O-])c1,15200,4.818156412
CHEMBL4240552,COc1ccc(-c2nc(-c3ccncc3)cn2O)cc1C#N,15420,4.811915626
CHEMBL3409193,CCOC(=O)/C=C/c1ccc(O)c2oc(-c3ccc(O)c(O)c3)cc12,15460,4.81079051
CHEMBL4281832,O=C(/C=C/c1ccc(O)c2oc(-c3ccc(O)c(O)c3)cc12)NCc1ccccc1,15550,4.808269607
CHEMBL5172785,CC(=O)OCC1=CC[C@@H]2C(C(=O)NCCC#N)=CO[C@@H](O[C@@H]3O[C@H](COC(C)=O)[C@@H](OC(C)=O)[C@H](OC(C)=O)[C@H]3OC(C)=O)[C@H]12,15840,4.800244823
CHEMBL5182656,CC(C)CCn1cc(COc2ccccc2C=O)nn1,16030,4.795066478
CHEMBL465836,O=C(O)/C=C/c1ccc(O)c2oc(-c3ccc(O)c(O)c3)cc12,16050,4.794524963
CHEMBL4088184,COc1cc(C=O)cc(OC)c1OCc1cn(Cc2ccc3c(c2)C(=O)c2ccccc2C3=O)nn1,16800,4.774690718
CHEMBL4099439,O=c1cc(-c2ccccc2Br)oc2c1ccc1ccccc12,16800,4.774690718
CHEMBL3105609,COC(=O)C1=C(C)Oc2ccc3ccccc3c2C1c1ccc(OC)c(OC)c1,17000,4.769551079
CHEMBL4082111,COc1ccc(Nc2ncnc3c2C(c2ccc(OC)c(OC)c2)c2c(c(=O)oc4ccccc24)O3)cc1,17000,4.769551079
CHEMBL125800,O=C(/C=C/c1ccc(O)c(O)c1)c1cc(O)ccc1O,17000,4.769551079
CHEMBL4209128,O=c1cccc(/N=N/c2cccc(Cl)c2)cc1O,17000,4.769551079
CHEMBL4277659,O=c1cc(-c2ccccc2Br)oc2ccc3ccccc3c12,17070,4.767766479
CHEMBL5184530,CC(=O)OCC1=CC[C@@H]2C(C(=O)Nc3cccc4[nH]ccc34)=CO[C@@H](O[C@@H]3O[C@H](COC(C)=O)[C@@H](OC(C)=O)[C@H](OC(C)=O)[C@H]3OC(C)=O)[C@H]12,17510,4.756713854
CHEMBL1449501,CC(=O)N1N=C(c2ccco2)CC1c1ccc(Br)cc1,17600,4.754487332
CHEMBL4289699,O=C(/C=C/c1ccc(O)c2oc(-c3ccc(O)c(O)c3)cc12)Nc1ccccc1,17840,4.74860515
CHEMBL4105181,COc1ccc(Nc2ncnc3c2C(c2ccc(O)c(O)c2)c2c(c(=O)oc4ccccc24)O3)cc1,18000,4.744727495
CHEMBL4214657,N#Cc1ccc(/N=N/c2cccc(=O)c(O)c2)cc1C(F)(F)F,18000,4.744727495
CHEMBL3754732,O=C(/C=C/c1ccc(O)c(O)c1O)c1ccc(O)c(O)c1,18000,4.744727495
CHEMBL5172514,CCCCCn1cc(COc2ccccc2C=O)nn1,18140,4.741362717
CHEMBL4285900,C=CCNC(=O)/C=C/c1ccc(O)c2oc(-c3ccc(O)c(O)c3)cc12,18160,4.740884156
CHEMBL3798016,C=C1CC[C@]2(C(=O)O)CC[C@]3(C)C(=CC[C@@H]4[C@@]5(C)CC[C@H](O[C@@H]6OC[C@H](O)[C@H](O)[C@H]6O[C@@H]6O[C@@H](C)[C@H](O)[C@@H](O)[C@H]6O)C(C)(C)[C@@H]5CC[C@]43C)[C@@H]2C1,18500,4.732828272
CHEMBL5203062,CC(=O)OCC1=CC[C@@H]2C(C(=O)Nc3cncc4ccccc34)=CO[C@@H](O[C@@H]3O[C@H](COC(C)=O)[C@@H](OC(C)=O)[C@H](OC(C)=O)[C@H]3OC(C)=O)[C@H]12,18530,4.732124581
CHEMBL4285597,O=c1cc(-c2cccc(Cl)c2Cl)oc2ccc3ccccc3c12,18580,4.73095429
CHEMBL2420082,COc1ccc(-c2cc(=O)c3ccc4ccccc4c3o2)cc1,18900,4.723538196
CHEMBL1353302,CC(=O)N1N=C(c2ccco2)CC1c1ccc(C)cc1,19200,4.716698771
CHEMBL4170588,CCCCCCCCOc1ccc(NC(=O)c2ccncc2)cc1C#N,19200,4.716698771
CHEMBL4289801,CCCOC(=O)/C=C/c1ccc(O)c2oc(-c3ccc(O)c(O)c3)cc12,19310,4.714217726
CHEMBL4096846,O=c1cc(-c2ccccc2I)oc2c1ccc1ccccc12,19400,4.71219827
CHEMBL1818939,CC(=O)NC(CC(=O)c1cc(C)sc1C)c1cccc([N+](=O)[O-])c1,19800,4.70333481
CHEMBL3274329,Brc1nc(-c2cccnc2)[nH]c1Br,20000,4.698970004
CHEMBL459952,CCOC(=O)c1cc(-c2nc(-c3ccnc(C)c3)n[nH]2)ccc1OCC(C)C,20000,4.698970004
CHEMBL1795517,O=c1c2cc(O)c(O)cc2oc2cc(O)cc(OCc3ccc(Br)cc3)c12,20060,4.697669071
CHEMBL5170068,CC(=O)OCC1=CC[C@@H]2C(C(=O)Sc3ccncc3)=CO[C@@H](O[C@@H]3O[C@H](COC(C)=O)[C@@H](OC(C)=O)[C@H](OC(C)=O)[C@H]3OC(C)=O)[C@H]12,20470,4.688882157
CHEMBL2088601,Cc1cccc(C(=O)Nc2cccc(C(=O)/C=C/c3ccc4c(c3)c3ccccc3n4C)c2)c1,20700,4.684029655
CHEMBL462284,Cc1cc(-c2n[nH]c(-c3ccc(OCCOCCOCCCl)c(C#N)c3)n2)ccn1,21000,4.677780705
CHEMBL4294702,COc1cc(O)c2c(=O)c(OC)c(-c3cc(O)c(OC)c(OC)c3)oc2c1,21030,4.677160727
CHEMBL200555,COc1cccc(/C=N/NC(=O)c2ccncc2)c1O,21100,4.675717545
CHEMBL5192716,CC(C)Cn1cc(COc2ccccc2C=O)nn1,21140,4.674895017
CHEMBL4293784,O=C(/C=C/c1ccc(O)c2oc(-c3ccc(O)c(O)c3)cc12)N1CCCCC1,21240,4.672845488
CHEMBL1684771,COc1ccc(C2CC(c3ccco3)=NN2C(C)=O)cc1,21300,4.671620397
CHEMBL4061956,O=Cc1cc(F)ccc1OCc1cn(Cc2ccccc2)nn1,21500,4.66756154
CHEMBL1818940,CC(=O)NC(CC(=O)c1cc(C)sc1C)c1ccc(Cl)cc1,21700,4.663540266
CHEMBL187265,O=c1c2cc(O)c(O)cc2oc2cc(O)cc(O)c12,21730,4.662940274
CHEMBL5185294,CCC(C)n1cc(COc2ccccc2C=O)nn1,21780,4.661942125
CHEMBL1818936,CC(=O)NC(CC(=O)c1cc(Cl)cs1)c1ccc(Cl)cc1,22000,4.657577319
CHEMBL446790,O=C1CC(c2ccc(O)c(O)c2)Oc2c1c(O)cc(O)c2[C@@H]1C(=O)c2c(O)cc(O)cc2O[C@H]1c1ccc(O)cc1,22300,4.651695137
CHEMBL5426784,O=C(/C=C/c1cc(O)cc(O)c1)c1ccc(O)cc1O,22500,4.647817482
CHEMBL4169071,N#Cc1cc(NC(=O)c2ccccn2)ccc1OCc1ccccc1,22600,4.645891561
CHEMBL5185135,CC(=O)OCC1=CC[C@@H]2C(C(=O)Nn3ncc4ccccc43)=CO[C@@H](O[C@@H]3O[C@H](COC(C)=O)[C@@H](OC(C)=O)[C@H](OC(C)=O)[C@H]3OC(C)=O)[C@H]12,22810,4.641874715
CHEMBL5180638,CC(=O)OCC1=CC[C@@H]2C(C(=O)Sc3cccs3)=CO[C@@H](O[C@@H]3O[C@H](COC(C)=O)[C@@H](OC(C)=O)[C@H](OC(C)=O)[C@H]3OC(C)=O)[C@H]12,22810,4.641874715
CHEMBL1684772,CC(=O)N1N=C(c2ccco2)CC1c1ccc(N(C)C)cc1,23000,4.638272164
CHEMBL4218340,Cc1c(/N=N/c2cccc(=O)c(O)c2)cccc1[N+](=O)[O-],23000,4.638272164
CHEMBL5179125,COC(=O)C1=COC(OC(=O)Nc2ccccc2Br)[C@@H]2C(COC(=O)Nc3ccccc3Br)=CC[C@H]12,23860,4.622329561
CHEMBL3105606,COC(=O)C1=C(C)Oc2ccc3ccccc3c2C1c1ccc(O)cc1,23980,4.620150821
CHEMBL4098383,COc1ccc(Nc2ncnc3c2C(c2ccc(OC)cc2)c2c(c(=O)oc4ccccc24)O3)cc1,24000,4.619788758
CHEMBL4064303,COc1ccc(Nc2ncnc3c2C(c2ccccc2OC)C2=C(CCCC2=O)O3)cc1,24000,4.619788758
CHEMBL461228,COCCOCOc1ccc(-c2nc(-c3ccnc(C)c3)n[nH]2)cc1C#N,24000,4.619788758
CHEMBL459319,COCOc1ccc(-c2nc(-c3ccnc(C)c3)n[nH]2)cc1C#N,24000,4.619788758
CHEMBL4279114,CC(C)OC(=O)/C=C/c1ccc(O)c2oc(-c3ccc(O)c(O)c3)cc12,24170,4.61672335
CHEMBL4097924,COc1ccc(Nc2ncnc3c2C(c2ccc(OC)cc2)C2=C(CCCC2=O)O3)cc1,25000,4.602059991
CHEMBL1818935,COc1ccc(OC)c(C(CC(=O)c2cc(Cl)cs2)NC(C)=O)c1,25000,4.602059991
CHEMBL2088598,Cn1c2ccccc2c2cc(/C=C/C(=O)c3cccc(NC(=O)c4ccc(F)cc4)c3)ccc21,25800,4.588380294
CHEMBL1818937,CC(=O)NC(CC(=O)c1ccco1)c1ccccc1,26000,4.585026652
CHEMBL462283,CCCCOCCOCCOc1ccc(-c2nc(-c3ccnc(C)c3)n[nH]2)cc1C#N,26000,4.585026652
CHEMBL4078654,COCCOc1ccc(-n2cc(C(=O)O)nn2)cc1C#N,26130,4.58286059
CHEMBL1818904,CC(=O)NC(CC(=O)c1ccccc1)c1cccc([N+](=O)[O-])c1,26200,4.581698709
CHEMBL1684765,CC(=O)N1N=C(c2ccco2)CC1c1ccccc1,26400,4.578396073
CHEMBL1684777,COc1cc(C2CC(c3ccco3)=NN2C(C)=O)ccc1O,26800,4.571865206
CHEMBL1818938,CC(=O)NC(CC(=O)c1cccs1)c1ccccc1,27000,4.568636236
CHEMBL1818907,CC(=O)NC(CC(=O)c1ccccc1)c1ccc(Cl)cc1,27100,4.567030709
CHEMBL1684768,CC(=O)N1N=C(c2ccco2)CC1c1cccc(O)c1,27200,4.565431096
CHEMBL1684773,COc1ccc(OC)c(C2CC(c3ccco3)=NN2C(C)=O)c1,27300,4.563837353
CHEMBL4074896,COc1ccc(Nc2ncnc3c2C(c2ccc(O)cc2)C2=C(CCCC2=O)O3)cc1,28000,4.552841969
CHEMBL1684779,CC(=O)N1N=C(c2ccco2)CC1c1ccc2c(c1)OCO2,28100,4.55129368
CHEMBL1818906,CC(=O)NC(CC(=O)c1ccccc1)c1cccc(Br)c1,28100,4.55129368
CHEMBL486253,CC(=O)NC(CC(=O)c1ccccc1)c1ccc([N+](=O)[O-])cc1,28500,4.54515514
CHEMBL1684774,COc1cc(C2CC(c3ccco3)=NN2C(C)=O)cc(OC)c1OC,28700,4.542118103
CHEMBL5177366,CC(=O)OCC1=CC[C@@H]2C(C(=O)Nc3cccc(F)c3)=CO[C@@H](O[C@@H]3O[C@H](COC(C)=O)[C@@H](OC(C)=O)[C@H](OC(C)=O)[C@H]3OC(C)=O)[C@H]12,28760,4.541211118
CHEMBL1818908,CC(=O)NC(CC(=O)c1ccccc1)c1ccc(C#N)cc1,29000,4.537602002
CHEMBL4070303,COc1ccc(Nc2ncnc3c2C(c2ccccc2OC)c2c(c(=O)oc4ccccc24)O3)cc1,29000,4.537602002
CHEMBL1684775,COc1ccc(C2CC(c3ccco3)=NN2C(C)=O)cc1OC,29400,4.53165267
CHEMBL4067585,COc1ccc(Nc2ncnc3c2C(c2ccc(O)cc2)c2c(c(=O)oc4ccccc24)O3)cc1,30000,4.522878745
CHEMBL4087635,COc1ccc(Nc2ncnc3c2C(c2cccc(O)c2)C2=C(CCCC2=O)O3)cc1,30000,4.522878745
CHEMBL1684776,COc1cc(OC)c(C2CC(c3ccco3)=NN2C(C)=O)cc1OC,30200,4.519993057
CHEMBL2022882,COc1ccc(-c2cc(O)nc(N)n2)cc1OC,30250,4.519274621
CHEMBL2088593,Cn1c2ccccc2c2cc(/C=C/C(=O)c3cccc(NC(=O)c4ccccc4Cl)c3)ccc21,30300,4.518557371
CHEMBL4104562,O=Cc1ccc(OCc2cn(Cc3ccc4c(c3)C(=O)c3ccccc3C4=O)nn2)cc1,30500,4.515700161
CHEMBL5194988,CC(=O)OCC1=CC[C@@H]2C(C(=O)Oc3cncc4ccccc34)=CO[C@@H](O[C@@H]3O[C@H](COC(C)=O)[C@@H](OC(C)=O)[C@H](OC(C)=O)[C@H]3OC(C)=O)[C@H]12,30670,4.513286224
CHEMBL163316,COc1c(-c2ccc(O)c(O)c2)oc2cc(O)cc(O)c2c1=O,31600,4.500312917
CHEMBL50,O=c1c(O)c(-c2ccc(O)c(O)c2)oc2cc(O)cc(O)c12,31900,4.496209317
CHEMBL1818930,CC(=O)Nc1cccc(C(=O)CC(NC(C)=O)c2cccc([N+](=O)[O-])c2)c1,32000,4.494850022
CHEMBL1684752,CC(=O)N1N=C(c2cccc3ccccc23)CC1c1ccc([N+](=O)[O-])cc1,32200,4.492144128
CHEMBL1818910,CC(=O)NC(CC(=O)c1ccccc1)c1ccccc1[N+](=O)[O-],32300,4.490797478
CHEMBL5204770,CC(=O)OCC1=CC[C@@H]2C(C(=O)Nc3ccc(C(=O)O)cc3)=CO[C@@H](O[C@@H]3O[C@H](COC(C)=O)[C@@H](OC(C)=O)[C@H](OC(C)=O)[C@H]3OC(C)=O)[C@H]12,32370,4.489857301
CHEMBL4165035,N#Cc1cc(NC(=O)c2cccnc2)ccc1OCc1ccccc1,32800,4.484126156
CHEMBL1684762,CC(=O)N1N=C(c2cccc3ccccc23)CC1c1cccc(Cl)c1Cl,34200,4.465973894
CHEMBL4160555,CC(C)CCOc1ccc(NC(=O)c2cccnc2)cc1C#N,35000,4.455931956
CHEMBL4092891,COc1ccc(Nc2ncnc3c2C(c2cccc(C)c2)C2=C(CCCC2=O)O3)cc1,35000,4.455931956
CHEMBL4088820,COc1ccc(Nc2ncnc3c2C(c2cccc(O)c2)c2c(c(=O)oc4ccccc24)O3)cc1,35000,4.455931956
CHEMBL3274326,N#Cc1nc(-c2cccnc2)[nH]c1C#N,35000,4.455931956
CHEMBL3752751,O=C(/C=C/c1ccc(O)c(O)c1)c1c(O)cccc1O,35000,4.455931956
CHEMBL63354,O=c1cc(-c2ccc(O)c(-c3c(O)cc(O)c4c(=O)cc(-c5ccc(O)cc5)oc34)c2)oc2cc(O)cc(O)c12,35300,4.452225295
CHEMBL5174840,CC(=O)OCC1=CC[C@@H]2C(C(=O)O)=CO[C@@H](O[C@@H]3O[C@H](COC(C)=O)[C@@H](OC(C)=O)[C@H](OC(C)=O)[C@H]3OC(C)=O)[C@H]12,35330,4.451856363
CHEMBL471482,COc1c(-c2ccc(O[C@@H]3O[C@H](CO)[C@@H](O)[C@H](O)[C@H]3O)c(O)c2)oc2cc(O)cc(O)c2c1=O,35600,4.448550002
CHEMBL1684753,CC(=O)N1N=C(c2cccc3ccccc23)CC1c1cccc([N+](=O)[O-])c1,36400,4.438898616
CHEMBL3105601,COC(=O)C1=C(C)Oc2ccc3ccccc3c2C1c1ccc(OC)cc1,36480,4.43794517
CHEMBL5174074,CC(=O)OCC1=CC[C@@H]2C(C(=O)NCc3ccncc3)=CO[C@@H](O[C@@H]3O[C@H](COC(C)=O)[C@@H](OC(C)=O)[C@H](OC(C)=O)[C@H]3OC(C)=O)[C@H]12,36590,4.436637591
CHEMBL4062701,COc1ccc(Nc2ncnc3c2C(c2cccc(C)c2)c2c(c(=O)oc4ccccc24)O3)cc1,37000,4.431798276
CHEMBL1684756,CC(=O)N1N=C(c2cccc3ccccc23)CC1c1ccccc1[N+](=O)[O-],37200,4.42945706
CHEMBL1818902,CC(=O)NC(CC(=O)c1ccccc1)c1ccccc1,38300,4.416801226
CHEMBL4294196,O=C(CCc1ccc(O)c2oc(-c3ccc(O)c(O)c3)cc12)Nc1ccc(O)cc1,38590,4.413525221
CHEMBL1684755,CC(=O)N1N=C(c2cccc3ccccc23)CC1c1cccc(Br)c1,38700,4.412289035
CHEMBL1224512,O=c1cc(O)cc(/C=C/c2ccc(O)c(O)c2)o1,39720,4.40099076
CHEMBL1818920,CC(=O)NC(CC(=O)c1cccc2ccccc12)c1ccccc1,40000,4.397940009
CHEMBL462497,Cc1cc(-c2n[nH]c(-c3ccc(OCCO)c(C#N)c3)n2)ccn1,40000,4.397940009
CHEMBL4095335,COc1ccc(Nc2ncnc3c2C(c2cc(OC)c(OC)c(OC)c2)C2=C(CCCC2=O)O3)cc1,40000,4.397940009
CHEMBL4079897,COc1ccc(Nc2ncnc3c2C(c2ccccc2)C2=C(CCCC2=O)O3)cc1,40000,4.397940009
CHEMBL4100841,COc1ccc(Nc2ncnc3c2C(c2ccccc2)c2c(c(=O)oc4ccccc24)O3)cc1,40000,4.397940009
CHEMBL3246291,FC(F)(F)c1cnc(-c2cccnc2)[nH]1,40000,4.397940009
CHEMBL1818928,CC(=O)NC(CC(=O)c1ccc(Cl)cc1)c1ccc(Cl)cc1,41000,4.387216143
CHEMBL1684751,CC(=O)N1N=C(c2cccc3ccccc23)CC1c1ccccc1,41300,4.384049948
CHEMBL1818931,CC(=O)Nc1cccc(C(=O)CC(NC(C)=O)c2ccc(Cl)cc2)c1,41800,4.378823718
CHEMBL1818926,CC(=O)NC(CC(=O)c1ccc(Cl)cc1)c1ccccc1,42000,4.37675071
CHEMBL4061635,COc1ccc(Nc2ncnc3c2C(c2cc(OC)c(OC)c(OC)c2)c2c(c(=O)oc4ccccc24)O3)cc1,42000,4.37675071
CHEMBL4289306,COc1ccc(NC(=O)/C=C/c2ccc(O)c3oc(-c4ccc(O)c(O)c4)cc23)cc1,42190,4.374790475
CHEMBL1818921,CC(=O)NC(CC(=O)c1cccc2ccccc12)c1cccc(Br)c1,42200,4.374687549
CHEMBL2088592,Cn1c2ccccc2c2cc(/C=C/C(=O)c3cccc(NC(=O)c4ccccc4)c3)ccc21,42700,4.369572125
CHEMBL508591,Cc1cc(-c2n[nH]c(-c3ccc(O)c(C#N)c3)n2)ccn1,43000,4.366531544
CHEMBL1818929,COc1ccc(OC)c(C(CC(=O)c2cccc(NC(C)=O)c2)NC(C)=O)c1,43200,4.364516253
CHEMBL1684754,COc1ccc(C2CC(c3cccc4ccccc34)=NN2C(C)=O)cc1,43500,4.361510743
CHEMBL1818905,O=C(CC(NC(=O)c1ccccc1)c1cccc([N+](=O)[O-])c1)c1ccccc1,43600,4.360513511
CHEMBL1818922,CC(=O)NC(CC(=O)c1cccc2ccccc12)c1cccc([N+](=O)[O-])c1,44000,4.356547324
CHEMBL1818912,COc1ccc(OC)c(C(CC(=O)c2ccccc2)NC(C)=O)c1,44000,4.356547324
CHEMBL1818911,COc1ccc(C(CC(=O)c2ccccc2)NC(C)=O)cc1OC,44300,4.353596274
CHEMBL3105620,CCOC(=O)C1=C(C)Oc2ccc3ccccc3c2C1c1ccccc1,44440,4.35222595
CHEMBL1818927,CC(=O)NC(CC(=O)c1ccc(Cl)cc1)c1ccc(C)cc1,44600,4.350665141
CHEMBL1684757,COc1ccc(OC)c(C2CC(c3cccc4ccccc34)=NN2C(C)=O)c1,44800,4.348721986
CHEMBL1818909,COc1ccc(C(CC(=O)c2ccccc2)NC(C)=O)cc1,45000,4.346787486
CHEMBL4214644,COc1cccc(/N=N/c2cccc(=O)c(O)c2)c1,45000,4.346787486
CHEMBL4206616,O=c1cccc(/N=N/c2ccccc2)cc1O,45000,4.346787486
CHEMBL4290116,CC(C)(C)NC(=O)/C=C/c1ccc(O)c2oc(-c3ccc(O)c(O)c3)cc12,45180,4.345053773
CHEMBL1818924,CC(=O)NC(CC(=O)c1ccc([N+](=O)[O-])cc1)c1ccc(Cl)cc1,45400,4.342944147
CHEMBL1684758,COc1ccc(C2CC(c3cccc4ccccc34)=NN2C(C)=O)cc1OC,45600,4.341035157
CHEMBL1684761,COc1cc(C2CC(c3cccc4ccccc34)=NN2C(C)=O)ccc1O,45700,4.3400838
CHEMBL1818913,COc1ccc(C(CC(=O)c2ccccc2)NC(C)=O)c(OC)c1OC,46100,4.336299075
CHEMBL1684760,COc1cc(OC)c(C2CC(c3cccc4ccccc34)=NN2C(C)=O)cc1OC,46200,4.335358024
CHEMBL4078753,O=Cc1cc(Cl)ccc1OCc1cn(Cc2ccc3c(c2)C(=O)c2ccccc2C3=O)nn1,46500,4.332547047
CHEMBL4286969,C=CCNC(=O)CCc1ccc(O)c2oc(-c3ccc(O)c(O)c3)cc12,46790,4.329846955
CHEMBL1684763,CC(=O)N1N=C(c2cccc3ccccc23)CC1c1ccc2c(c1)OCO2,47000,4.327902142
CHEMBL129795,O=C(/C=C/c1ccc(O)cc1)c1ccc(O)cc1O,47300,4.325138859
CHEMBL1818923,CC(=O)NC(CC(=O)c1ccc([N+](=O)[O-])cc1)c1ccccc1,48000,4.318758763
CHEMBL1818914,COc1cc(C(CC(=O)c2ccccc2)NC(C)=O)cc(OC)c1OC,48200,4.316952962
CHEMBL2088610,Cn1c2ccccc2c2cc(/C=C/C(=O)c3cccc(N)c3)ccc21,48500,4.314258261
CHEMBL5179907,CCC(=O)OCC1=CC[C@@H]2C(C(=O)O)=CO[C@@H](O[C@@H]3O[C@H](COC(=O)CC)[C@@H](OC(=O)CC)[C@H](OC(=O)CC)[C@H]3OC(=O)CC)[C@H]12,48760,4.311936303
CHEMBL5194145,COC(=O)C1=COC(OC(=O)NCCCCl)[C@@H]2C(COC(=O)NCCCCl)=CC[C@H]12,48760,4.311936303
CHEMBL3797573,C[C@]12CC[C@H](O)[C@](C)(CO[C@@H]3O[C@H](CO)[C@@H](O)[C@H](O)[C@H]3O)[C@@H]1CC[C@]1(C)[C@@H]2CC=C2[C@@H]3C[C@](C)(C(=O)O)[C@@H](O)C[C@]3(C(=O)O)CC[C@]21C,49200,4.308034897
CHEMBL1684759,COc1cc(C2CC(c3cccc4ccccc34)=NN2C(C)=O)cc(OC)c1OC,49500,4.305394801
CHEMBL4103088,COc1ccc(Nc2ncnc3c2C(c2ccc(F)cc2)C2=C(CCCC2=O)O3)cc1,50000,4.301029996
CHEMBL4084384,COc1ccc(Nc2ncnc3c2C(c2ccc(F)cc2)c2c(c(=O)oc4ccccc24)O3)cc1,50000,4.301029996
CHEMBL4279871,Cc1ccc(NC(=O)/C=C/c2ccc(O)c3oc(-c4ccc(O)c(O)c4)cc23)cc1,51280,4.290051983
CHEMBL1684640,CC(=O)N1N=C(c2ccc(Br)cc2)CC1c1cccc(Cl)c1Cl,51700,4.286509457
CHEMBL4085151,COc1ccc(Nc2ncnc3c2C(c2cccc(Cl)c2)C2=C(CCCC2=O)O3)cc1,52000,4.283996656
CHEMBL1818925,COc1ccc(C(CC(=O)c2ccc([N+](=O)[O-])cc2)NC(C)=O)cc1,52600,4.279014256
CHEMBL1818915,CC(=O)NC(CC(=O)c1ccccc1)c1ccc2ccccc2c1,53000,4.27572413
CHEMBL129510,O=C(/C=C/c1ccc(O)c(O)c1)c1ccccc1,53000,4.27572413
CHEMBL4101491,COc1ccc(Nc2ncnc3c2C(c2cccc(Cl)c2)c2c(c(=O)oc4ccccc24)O3)cc1,54000,4.26760624
CHEMBL4081809,CCOc1cccc(/C=N/NC(=O)c2ccncc2)c1O,54800,4.261219442
CHEMBL4060313,COc1ccc(Nc2ncnc3c2C(c2ccc(Cl)cc2)C2=C(CCCC2=O)O3)cc1,55000,4.259637311
CHEMBL1684636,CC(=O)N1N=C(c2ccccc2)CC1c1cccc(Cl)c1Cl,55100,4.258848401
CHEMBL5196938,CCCC(=O)OCC1=CC[C@@H]2C(C(=O)O)=CO[C@@H](O[C@@H]3O[C@H](COC(=O)CCC)[C@@H](OC(=O)CCC)[C@H](OC(=O)CCC)[C@H]3OC(=O)CCC)[C@H]12,55670,4.254378779
CHEMBL4099068,COc1ccc(Nc2ncnc3c2C(c2ccc(Cl)cc2)c2c(c(=O)oc4ccccc24)O3)cc1,56000,4.251811973
CHEMBL148472,O=C(/C=C/c1ccccc1O)c1ccc(O)cc1O,56800,4.245651664
CHEMBL4211485,COc1cc(/N=N/c2cccc(=O)c(O)c2)cc(OC)c1OC,57000,4.244125144
CHEMBL2088603,Cn1c2ccccc2c2cc(/C=C/C(=O)c3cccc(NC(=O)c4ccc(C(C)(C)C)cc4)c3)ccc21,57100,4.243363892
CHEMBL1684645,CC(=O)N1N=C(c2cccc([N+](=O)[O-])c2)CC1c1cccc(Cl)c1Cl,58000,4.236572006
CHEMBL4088539,COc1ccc(Nc2ncnc3c2C(c2ccc(Br)cc2)C2=C(CCCC2=O)O3)cc1,58000,4.236572006
CHEMBL1818903,O=C(CC(NC(=O)c1ccccc1)c1ccccc1)c1ccccc1,58100,4.235823868
CHEMBL1818917,CC(=O)NC(CC(=O)c1ccccc1)c1cccc2ccccc12,59000,4.229147988
CHEMBL518362,Cc1cc(-c2n[nH]c(-c3ccc(OCC4COC(C)(C)O4)c(C#N)c3)n2)ccn1,60000,4.22184875
CHEMBL4093774,COc1ccc(Nc2ncnc3c2C(c2ccc(Br)cc2)c2c(c(=O)oc4ccccc24)O3)cc1,60000,4.22184875
CHEMBL4092564,COc1ccc(Nc2ncnc3c2C(c2ccc(O)c(OC)c2)c2c(n[nH]c2C)O3)cc1,60000,4.22184875
CHEMBL4078104,COc1ccc(Nc2ncnc3c2C(c2cccc([N+](=O)[O-])c2)C2=C(CCCC2=O)O3)cc1,60000,4.22184875
CHEMBL5209439,CCNC(=O)OCC1=CC[C@@H]2C(C(=O)OC)=COC(OC(=O)NCC)[C@H]12,61220,4.213106675
CHEMBL193585,CC(=O)N1N=C(c2ccccc2)CC1c1ccccc1,61400,4.211831629
CHEMBL460031,O=C(O)C1=CO[C@@H](O[C@@H]2O[C@H](CO)[C@@H](O)[C@H](O)[C@H]2O)[C@@H]2C(CO)=CC[C@H]12,62160,4.206488994
CHEMBL1818932,CC(=O)NC(CC(=O)c1ccccc1)c1ccco1,63000,4.200659451
CHEMBL5196516,CC(=O)OCC1=CC[C@@H]2C(C(=O)Nc3nn[nH]n3)=CO[C@@H](O[C@@H]3O[C@H](COC(C)=O)[C@@H](OC(C)=O)[C@H](OC(C)=O)[C@H]3OC(C)=O)[C@H]12,63860,4.194771086
CHEMBL4086016,COc1ccc(Nc2ncnc3c2C(c2ccc([N+](=O)[O-])cc2)c2c(c(=O)oc4ccccc24)O3)cc1,64000,4.193820026
CHEMBL4090133,COc1ccc(Nc2ncnc3c2C(c2ccc(OC)c(OC)c2)c2c(n[nH]c2C)O3)cc1,64000,4.193820026
CHEMBL462498,COCCOc1ccc(-c2nc(-c3ccnc(C)c3)n[nH]2)cc1C#N,64000,4.193820026
CHEMBL1684639,COc1ccc(C2CC(c3ccc(Br)cc3)=NN2C(C)=O)cc1OC,64100,4.19314197
CHEMBL1818933,CC(=O)NC(CC(=O)c1ccccc1)c1cccs1,65000,4.187086643
CHEMBL4073073,COc1ccc(Nc2ncnc3c2C(c2cccc([N+](=O)[O-])c2)c2c(c(=O)oc4ccccc24)O3)cc1,65000,4.187086643
CHEMBL5408269,Nn1c(S)nnc1-c1cc(-c2ccccc2)nn1Cc1ccccc1,65400,4.184422252
CHEMBL1684641,CC(=O)N1N=C(c2ccc(Br)cc2)CC1c1ccc2c(c1)OCO2,66300,4.178486472
CHEMBL1209915,COc1ccc(C2CC(c3ccc(Br)cc3)=NN2C(C)=O)cc1,66500,4.177178355
CHEMBL4096157,COc1ccc(Nc2ncnc3c2C(c2ccc([N+](=O)[O-])cc2)C2=C(CCCC2=O)O3)cc1,67000,4.173925197
CHEMBL4071780,COc1ccc(Nc2ncnc3c2C(c2ccc(O)c(O)c2)c2c(n[nH]c2C)O3)cc1,68000,4.167491087
CHEMBL1818942,CC(=O)Nc1cccc(C(=O)CC(/C=C/c2ccccc2)NC(C)=O)c1,69200,4.159893906
CHEMBL5195680,CC(C)CC(=O)OCC1=CC[C@@H]2C(C(=O)O)=CO[C@@H](O[C@@H]3O[C@H](COC(=O)CC(C)C)[C@@H](OC(=O)CC(C)C)[C@H](OC(=O)CC(C)C)[C@H]3OC(=O)CC(C)C)[C@H]12,69740,4.156518057
CHEMBL1542147,CC(=O)N1N=C(c2ccccc2)CC1c1ccc2c(c1)OCO2,70800,4.149966742
CHEMBL1209917,CC(=O)N1N=C(c2ccc(Br)cc2)CC1c1ccccc1,71300,4.14691047
CHEMBL32147,O=C(/C=C/c1ccccc1)c1ccccc1O,71300,4.14691047
CHEMBL5403241,O=[N+]([O-])c1ccc(CSc2nnc(-c3cc(-c4ccccc4)nn3Cc3ccccc3)o2)cc1,72400,4.140261434
CHEMBL1684643,COc1ccc(C2CC(c3cccc([N+](=O)[O-])c3)=NN2C(C)=O)cc1,73300,4.134896025
CHEMBL5205775,CC(=O)OCC1=CC[C@@H]2C(C(=O)Nc3ccc(C(=O)NCC(=O)O)cc3)=CO[C@@H](O[C@@H]3O[C@H](COC(C)=O)[C@@H](OC(C)=O)[C@H](OC(C)=O)[C@H]3OC(C)=O)[C@H]12,73580,4.133240217
CHEMBL5203165,COC(=O)C1=COC(OC(=O)Nc2ccc(C)cc2)[C@@H]2C(COC(=O)Nc3ccc(C)cc3)=CC[C@H]12,73580,4.133240217
CHEMBL1684635,CC(=O)N1N=C(c2ccccc2)CC1c1ccc(N(C)C)cc1,73600,4.133122186
CHEMBL1224508,COc1cc(C2CC(c3ccc(Br)cc3)=NN2C(C)=O)cc(OC)c1OC,74900,4.125518182
CHEMBL1684644,COc1ccc(C2CC(c3cccc([N+](=O)[O-])c3)=NN2C(C)=O)cc1OC,75200,4.123782159
CHEMBL5194782,CC(=O)OCC1=CC[C@@H]2C(C(=O)Nc3ccccc3-c3ccccc3)=CO[C@@H](O[C@@H]3O[C@H](COC(C)=O)[C@@H](OC(C)=O)[C@H](OC(C)=O)[C@H]3OC(C)=O)[C@H]12,75530,4.121880515
CHEMBL233929,O=c1cc(-c2ccc(O)c(O)c2)oc2cc(O[C@@H]3O[C@H](CO)[C@@H](O)[C@H](O)[C@H]3O)cc(O)c12,75900,4.119758224
CHEMBL1684646,CC(=O)N1N=C(c2cccc([N+](=O)[O-])c2)CC1c1ccc2c(c1)OCO2,76100,4.118615343
CHEMBL1209130,COc1ccc(C2CC(c3ccccc3)=NN2C(C)=O)cc1,76200,4.118045029
CHEMBL1818941,CC(=O)NC(/C=C/c1ccccc1)CC(=O)c1ccccc1,78300,4.106238238
CHEMBL1684642,CC(=O)N1N=C(c2cccc([N+](=O)[O-])c2)CC1c1ccccc1,79100,4.101823517
CHEMBL126804,O=C(/C=C/c1ccc(O)cc1)c1ccccc1O,79400,4.100179498
CHEMBL2088596,Cn1c2ccccc2c2cc(/C=C/C(=O)c3cccc(NC(=O)c4ccccc4F)c3)ccc21,79500,4.099632871
CHEMBL3798919,C=C1CC[C@]2(C(=O)O[C@@H]3O[C@H](CO[C@@H]4O[C@H](CO)[C@@H](O)[C@H](O)[C@H]4O)[C@@H](O)[C@H](O)[C@H]3O)CC[C@]3(C)C(=CC[C@@H]4[C@@]5(C)CC[C@H](O[C@@H]6OC[C@H](O)[C@H](O)[C@H]6O)[C@@](C)(CO)[C@@H]5CC[C@]43C)[C@@H]2C1,79600,4.099086932
CHEMBL4205350,COC(=O)c1cccc(/N=N/c2cccc(=O)c(O)c2)c1,80000,4.096910013
CHEMBL5171497,COC(=O)C1=COC(OC(=O)NC(C)C)[C@@H]2C(COC(=O)NC(C)C)=CC[C@H]12,80170,4.095988116
CHEMBL1684637,COc1cc(C2CC(c3ccccc3)=NN2C(C)=O)ccc1O,81200,4.090443971
CHEMBL562142,COc1ccc(C2CC(c3ccccc3)=NN2C(C)=O)cc1OC,83700,4.077274542
CHEMBL4286280,O=C(/C=C/c1ccc(O)c2oc(-c3ccc(O)c(O)c3)cc12)Nc1ccc(F)cc1,83810,4.076704159
CHEMBL1684638,COc1cc(C2CC(c3ccccc3)=NN2C(C)=O)cc(OC)c1OC,86400,4.063486258
CHEMBL150755,O=C(/C=C/c1ccccc1O)c1ccccc1O,87400,4.058488567
CHEMBL5182884,CC(=O)OCC1=CC[C@@H]2C(C(=O)Sc3ncc[nH]3)=CO[C@@H](O[C@@H]3O[C@H](COC(C)=O)[C@@H](OC(C)=O)[C@H](OC(C)=O)[C@H]3OC(C)=O)[C@H]12,87490,4.058041583
CHEMBL2088599,Cn1c2ccccc2c2cc(/C=C/C(=O)c3cccc(NC(=O)c4cccc(Br)c4)c3)ccc21,88200,4.054531415
CHEMBL4088114,O=C(/C=C/c1cccc(O)c1)c1cccc(O)c1,88300,4.054039296
CHEMBL5173322,CC(C)(C)C(=O)OCC1=CC[C@@H]2C(C(=O)O)=CO[C@@H](O[C@@H]3O[C@H](COC(=O)C(C)(C)C)[C@@H](OC(=O)C(C)(C)C)[C@H](OC(=O)C(C)(C)C)[C@H]3OC(=O)C(C)(C)C)[C@H]12,91200,4.040005162
CHEMBL3799773,C=C1CC[C@]2(C(=O)O[C@@H]3O[C@H](CO[C@@H]4O[C@H](CO)[C@@H](O[C@@H]5O[C@@H](C)[C@H](O)[C@@H](O)[C@H]5O)[C@H](O)[C@H]4O)[C@@H](O)[C@H](O)[C@H]3O)CC[C@]3(C)C(=CC[C@@H]4[C@@]5(C)CC[C@H](O[C@@H]6OC[C@H](O)[C@H](O[C@@H]7O[C@H](C(=O)O)[C@@H](O)[C@H](O)[C@H]7O)[C@H]6O)[C@@](C)(CO)[C@@H]5CC[C@]43C)[C@@H]2C1,91300,4.039529222
CHEMBL1681820,CC(=O)N1N=C(c2ccco2)CC1c1ccc2ccccc2c1,91400,4.039053804
CHEMBL1818916,C[N+](=O)C(CC(=O)c1ccccc1)c1c2ccccc2cc2ccccc12,91600,4.038104526
CHEMBL3823220,O=C(/C=C/c1cccc(O)c1)c1ccccc1O,91800,4.037157319
CHEMBL3753041,O=C(/C=C/c1cccc(O)c1O)c1ccc(O)c(O)c1,93000,4.031517051
CHEMBL5182322,COC(=O)C1=COC(O)[C@@H]2C(CO)=CC[C@H]12,93400,4.029653124
CHEMBL9323,O=C1c2c(O)cc(O)cc2O[C@H](c2ccc(O)cc2)[C@H]1O,93800,4.027797162
